name,list,section,class,emblem,mountaineers,mileage_rt,gain_ft,loss_ft,trailhead,quad,benchmark,benchmark_rating
Smith Mountain,SPS,1.1,2,False,False,1.4,995.0,,SNF 21S36,Monache Mtn.,False,
English Mountain,SPS,24.6,2,False,False,1.9,1300.0,,Tollhouse Lake,English Mtn.,False,
Lamont Peak,SPS,1.4,2,False,False,1.9,2560.0,330.0,Lamont Peak Trail,Lamont Peak,False,
Independence Peak,SPS,9.2,3,False,False,2.0,2595.0,45.0,Robertson Lake Trail,Kearsarge Peak,False,
Taylor Dome,SPS,1.7,2s3,False,False,2.3,1155.0,185.0,Big Meadows Trail,Cannell Peak,False,
Dunderberg Peak,SPS,22.5,2,False,False,2.3,2745.0,180.0,Virginia Lakes Trail,Dunderberg Peak,False,
Cathedral Peak,SPS,21.1,3s4,False,True,2.9,2440.0,100.0,Tuolumne Meadows,Tenaya Lake,True,S-4.0
Adams Peak,SPS,24.9,2,False,False,3.0,1885.0,,Forest service road,Constantia,False,
Round Top,SPS,23.7,3,False,False,3.1,2320.0,150.0,Wood Lake Trail,Carson Pass,True,S-3.0
Mount Dana,SPS,21.8,1,False,False,3.1,3440.0,325.0,Tioga Pass,Mount Dana,True,S-1.1
Sierra Buttes,SPS,24.7,1,False,False,3.2,2485.0,125.0,Forest Route 93,Sierra City,False,
Kearsarge Peak,SPS,9.3,1,False,False,3.2,3855.0,190.0,Old mining trail,Kearsarge Peak,False,
Sirretta Peak,SPS,1.8,1,False,False,3.3,2215.0,70.0,Cannell Meadows Trail 33E22,Sirretta Peak,False,
Mount Conness,SPS,22.2,2,False,False,3.3,2860.0,370.0,Saddlebag Lake,Tioga Pass,False,
Mount Elwell,SPS,24.8,1,False,False,3.4,2080.0,820.0,Lake Basin campground,Gold Lake,False,
Mount Gibbs,SPS,21.7,1,False,False,3.5,3195.0,110.0,Mono Pass Trail,Mount Dana,True,S-1.2
Owens Peak,SPS,1.2,2,False,False,3.5,3200.0,145.0,Indian Wells Canyon,Owens Peak,False,
Dragon Peak,SPS,9.1,3s4,False,False,3.5,4020.0,280.0,Golden Trout Lakes Trail,Kearsarge Peak,False,
Mount Warren,SPS,22.1,1,False,False,3.5,4515.0,,Lundy Lake,Mount Dana,False,
Moses Mountain,SPS,2.5,3,False,False,3.7,3510.0,100.0,Long Meadow Trail,Moses Mountain,False,
Pilot Knob (S),SPS,1.1,2,False,False,3.7,3610.0,120.0,Dirt road,Onyx,False,
University Peak,SPS,9.1,2,False,True,3.9,4540.0,150.0,Kearsarge Pass Trail,Mount Williamson,False,
Mount Morrison,SPS,18.8,2,False,True,4.0,4870.0,240.0,Convict Lake,Convict Lake,True,S-2.2
Sawtooth Peak (S),SPS,1.5,2,False,False,4.1,2445.0,,Pacific Crest Trail,Nine Mile Canyon,False,
Castle Peak,SPS,24.3,1s3,False,False,4.2,2235.0,360.0,Boreal Ridge Parking,Nordon,False,
North Peak,SPS,22.3,2,False,False,4.2,2630.0,490.0,Saddlebag Lake,Tioga Pass,False,
Stanislaus Peak,SPS,23.3,1,False,False,4.2,2570.0,755.0,St. Mary's Pass Trail,Disaster Peak,False,
Mount Carillon,SPS,5.4,2,False,False,4.2,5465.0,250.0,Mount Whitney Trail,Mount Whitney,False,
North Maggie Mountain,SPS,2.4,1,False,False,4.3,4315.0,,Shakes Camp,Moses Mountain,False,
Mount Russell,SPS,5.3,3,False,True,4.5,6100.0,310.0,Mount Whitney Trail,Mount Whitney,False,
Mount Tallac,SPS,23.11,1,False,False,4.6,3295.0,65.0,Mount Tallac Trail,Emerald Bay,False,
Excelsior Mountain,SPS,22.4,1,False,False,4.6,2995.0,360.0,Virginia Lakes Trail,Dunderberg Peak,False,
Mount Lola,SPS,24.5,1,False,False,4.8,1405.0,255.0,Mt Lola Trail,Indepence Lk.,False,
Thor Peak,SPS,4.8,2,False,False,4.8,4005.0,,Mount Whitney Trail,Mount Whitney,False,
Lone Pine Peak,SPS,4.9,2,False,False,4.8,5085.0,,Meysan Lakes Trail,Mount Langley,False,
Mount Johnson,SPS,14.1,2,False,False,5.0,3360.0,300.0,Bishop Pass Trail,Mount Thompson,False,
Mount Emerson,SPS,16.2,2,False,False,5.0,3955.0,,Piute Pass Trail,Mount Darwin,False,
Cloudripper,SPS,14.9,2,False,False,5.0,4295.0,50.0,North Fork Trail,Mount Thompson,False,
Tunnabora Peak,SPS,5.5,2,False,False,5.0,5365.0,300.0,Mount Whitney Trail,Mount Whitney,False,
Cartago Peak,SPS,3.2,2s3,False,False,5.0,6710.0,,West side of aquaduct,Olancha,False,
Mount Mills,SPS,17.1,3,False,False,5.1,3320.0,100.0,Mono Pass Trail,Mount Abbot,False,
Mount Rose,SPS,24.4,1,False,False,5.2,1955.0,,Mount  Rose Highway,Mount Rose,True,S-1.0
Mount Dade,SPS,17.8,2,False,False,5.3,3470.0,100.0,Mono Pass Trail,Mount Abbot,False,
Mount Abbot,SPS,17.9,3,True,False,5.3,3575.0,100.0,Mono Pass Trail,MOUNT ABBOT,False,
Mount Morgan (S),SPS,17.11,2,False,False,5.3,4340.0,300.0,Tamarack Lakes Trail,Mount Morgan,False,
Freel Peak,SPS,23.8,1,False,False,5.4,3050.0,,Fountain Place,Freel Peak,False,
Mount Gilbert,SPS,14.11,2,False,False,5.5,3675.0,380.0,Bishop Pass Trail,Mount Thompson,False,
Temple Crag,SPS,14.1,3,False,False,5.5,5475.0,300.0,South Fork Trail,Split Mountain,False,
Mount Lamarck,SPS,15.9,1,False,False,5.6,4155.0,,Lamark Lakes Trail,Mount Darwin,True,S-2.0
Bloody Mountain,SPS,18.9,2,False,False,5.6,5250.0,,Laurel Creek Trail,Bloody Mountain,False,
Rockhouse Peak,SPS,1.6,2,False,False,5.7,3035.0,520.0,Rockhouse Basin Trail,Rockhouse Basin,False,
Granite Chief,SPS,24.1,1,False,False,5.7,3380.0,620.0,Squaw Valley Fire Station,Granite Chief,False,
Mount Bradley,SPS,8.1,2,False,False,5.7,7825.0,480.0,Pinyon Creek Trail,Mount Williamson,False,
Leavitt Peak,SPS,23.2,1,False,False,5.8,2400.0,450.0,Pacific Crest Trail,Sonora Pass,True,S-1.2
Bear Creek Spire,SPS,17.7,3s4,False,True,5.8,3590.0,100.0,Mono Pass Trail,Mount Hilgard,True,S-4.2
San Joaquin Mountain,SPS,19.9,1,False,False,5.9,2340.0,,Minaret Vista Parking,Mammoth Mountain,False,
Pyramid Peak (N),SPS,23.9,2,False,False,6.0,3285.0,,Lyon Creek Trail,Pyramid Peak,False,
Mount Gould,SPS,9.4,1s3,False,False,6.0,4150.0,335.0,Kearsarge Pass Trail,Mt. Clarence King,False,
Highland Peak,SPS,23.5,2,False,False,6.1,2935.0,640.0,Pacific Crest Trail,Ebbetts Pass,False,
Muah Mountain,SPS,3.3,2,False,False,6.2,1980.0,880.0,Mulkey Stock Horseshoe Meadow Road,Bartlett,False,
Mount Goode,SPS,14.8,2,False,False,6.2,3375.0,100.0,Bishop Pass Trail,North Palisade,False,
Matterhorn Peak,SPS,22.9,2,True,False,6.2,5180.0,,Horse Creek Trail,MATTERHORN PEAK,True,S-2.1
Alta Peak,SPS,6.1,1,False,False,6.3,4060.0,80.0,Alta Peak Trail,Lodgepole,False,
Crag Peak,SPS,1.9,3,False,False,6.4,1885.0,800.0,SNF 21S36,Crag Peak,False,
Dicks Peak,SPS,23.1,2,False,False,6.5,3740.0,325.0,12N16 Parking,Rockbound Vly.,False,
Sawtooth Peak (N),SPS,2.9,2,False,False,6.5,5085.0,550.0,Sawtooth Pass Trail,Mineral King,False,
Spanish Needle,SPS,1.3,3,False,False,6.6,2520.0,,Pacific Crest Trail,Lamont Peak,False,
Disaster Peak,SPS,23.4,2,False,False,6.7,4165.0,550.0,Disaster Creek Trail,Disaster Peak,False,
Middle Palisade,SPS,12.8,3,False,True,6.7,6410.0,200.0,South Fork Trail,Split Mountain,True,S-3.2
Clouds Rest,SPS,20.7,1,False,False,6.8,2460.0,700.0,Sunrise Lakes Trail,Tenaya Lake,False,
Palisade Crest,SPS,12.1,4,False,False,6.8,5955.0,200.0,South Fork Trail,Split Mountain,False,
Norman Clyde Peak,SPS,12.9,4,False,True,6.8,6255.0,200.0,South Fork Trail,Split Mountain,True,S-4.2
Disappointment Peak,SPS,12.7,4,False,False,6.8,6315.0,200.0,South Fork Trail,Split Mountain,False,
Vandever Mountain,SPS,2.7,1,False,False,6.9,4085.0,,Farewell Gap Trail,Mineral King,False,
Mount McAdie,SPS,4.5,3,False,True,6.9,5500.0,,Mount Whitney Trail,Mount Whitney,False,
Mount Irvine,SPS,4.4,2,False,False,7.0,5580.0,100.0,Meysan Lake Trail,Mount Whitney,False,
Mount Mallory,SPS,4.3,2,False,False,7.0,5985.0,,Meysan Lake Trail,Mount Whitney,False,
Three Sisters,SPS,11.9,1,False,False,7.1,2440.0,280.0,Cliff Lake Trail,Dogtooth Peak,False,
Basin Mountain,SPS,16.4,2,False,False,7.1,5500.0,100.0,Horton Lakes Trail,Mount Tom,False,
Tinker Knob,SPS,24.2,1,False,False,7.2,1890.0,,Pacific Crest Trail,Granite Chief,False,
Cirque Peak,SPS,3.4,1,False,False,7.2,3060.0,100.0,Cottonwood Pass Trail,Cirque Peak,False,
Mount Agassiz,SPS,14.7,2,False,False,7.2,4185.0,100.0,Bishop Pass Trail,North Palisade,False,
Mount Starr King,SPS,20.5,5,False,True,7.2,3475.0,1415.0,Mono Meadows Trail,Half Dome,False,
Mount Morgan (N),SPS,18.6,2,False,False,7.3,4100.0,940.0,Davis Lake Trail,Convict Lake,False,
Homers Nose,SPS,2.6,1,False,False,7.3,6260.0,925.0,Cahoon Trail,Silver City,False,
Mount Baldwin,SPS,18.7,2,False,False,7.5,5385.0,400.0,Convict Creek Trail,Convict Lake,False,
Mount Mendel,SPS,15.8,3,False,False,7.5,5830.0,380.0,Lamark Lakes Trail,Mount Darwin,False,
Mount Stanford (N),SPS,18.5,2,False,False,7.6,3355.0,360.0,Davis Lake Trail,Mount Abbot,False,
Iron Mountain,SPS,19.1,1,False,False,7.7,4560.0,540.0,West campground parking,Cattle Mountain,False,
Needham Mountain,SPS,2.1,2s3,False,False,7.8,6060.0,1350.0,Sawtooth Pass Trail,Mineral King,False,
Mount Corcoran,SPS,4.1,2,False,False,8.0,7155.0,,Granite View Drive,Mount Langley,False,
Mount Darwin,SPS,15.7,3s4,True,False,8.0,5950.0,1380.0,Lamark Lakes Trail,MOUNT DARWIN,False,
Florence Peak,SPS,2.8,2,False,False,8.0,6520.0,1940.0,Farewell Gap Trail,Mineral King,False,
Mount Le Conte,SPS,4.2,3,False,True,8.1,7270.0,,Granite View Drive,Mount Whitney,True,S-4.0
Mokelumne Peak,SPS,23.6,2,False,False,8.2,4135.0,1200.0,Tanglefoot Trail,Mokelumne Pk.,False,
Mount Tom,SPS,16.6,2,False,False,8.2,5980.0,100.0,Horton Lakes Trail,Mount Tom,True,S-2.2
Half Dome,SPS,20.6,2,False,False,8.2,5975.0,1160.0,John Muir Trail,Half Dome,False,
Four Gables,SPS,16.5,1,False,False,8.3,5050.0,100.0,Horton Lakes Trail,Mount Tom,False,
Mount Rixford,SPS,9.5,2,False,False,8.3,4560.0,865.0,Kearsarge Pass Trail,Mount Clarence King,True,S-2.0
Birch Mountain,SPS,12.5,2,False,False,8.3,7780.0,150.0,McMurray Meadows Road,Split Mountain,False,
Red and White Mountain,SPS,18.4,2,False,False,8.4,5080.0,400.0,McGee Creek Trail,Mount Abbot,False,
Whorl Mountain,SPS,22.8,3,False,True,8.5,6095.0,1160.0,Horse Creek Trail,Matterhorn Peak,False,
Thunderbolt Peak,SPS,14.5,4s5,False,True,8.6,4395.0,200.0,Bishop Pass Trail,North Palisade,False,
The Thumb,SPS,12.6,2,False,False,8.9,7535.0,150.0,McMurray Meadows Road,Split Mountain,False,
Mount Perkins,SPS,10.3,2,False,False,9.0,6830.0,,Armstong Canyon,Mount Pinchot,False,
Clyde Minaret,SPS,19.2,4,False,True,9.1,3935.0,,River Trail,Mount Ritter,False,
Vogelsang Peak,SPS,21.2,2,False,False,9.1,3485.0,710.0,John Muir Trail,Vogelsang Peak,False,
Mount Thompson,SPS,15.1,2,False,False,9.1,5620.0,1200.0,Sabrina Basin Trail,Mount Thompson,False,
Mount Muir,SPS,4.6,3,False,False,9.2,5910.0,200.0,Mount Whitney Trail,Mount Whitney,True,S-3.0
Mount Powell,SPS,15.2,2,False,False,9.2,5785.0,1500.0,Sabrina Basin Trail,Mount Thompson,False,
Virginia Peak,SPS,22.6,2,False,False,9.3,3990.0,1800.0,Virginia Lakes Trail,Dunderberg Peak,False,
Twin Peaks,SPS,22.7,2,False,False,9.3,4895.0,2300.0,Virginia Lakes Trail,Dunderberg Peak,False,
Mount Tinemaha,SPS,12.2,2,False,False,9.3,7785.0,80.0,Red Lake Trail,Split Mountain,False,
Merriam Peak,SPS,17.1,2,False,False,9.4,5855.0,150.0,Pine Creek Pass Trail,Mount Hilgard,False,
Silver Peak,SPS,18.1,2,False,False,9.5,4220.0,,Devils Bathtub Trail,Sharktooth Peak,False,
Mount Gayley,SPS,14.2,3,False,False,9.5,5810.0,100.0,North Fork Trail,Split Mountain,False,
Mount Goethe,SPS,16.1,1,False,False,9.6,6025.0,2020.0,Lamark Lakes Trail,Mount Darwin,False,
Mount Bolton-Brown,SPS,12.4,2,False,False,9.6,8220.0,700.0,McMurray Meadows Road,Split Mountain,False,
Koip Peak,SPS,21.6,1,False,False,9.7,3005.0,400.0,Mono Pass Trail,Koip Peak,False,
Mount Haeckel,SPS,15.4,3,False,False,9.7,4495.0,150.0,Sabrina Basin Trail,Mount Darwin,False,
Mount Bago,SPS,9.6,1,False,False,9.7,4110.0,1430.0,Kearsarge Pass Trail,Mount Clarence King,False,
Mount Winchell,SPS,14.6,3,False,False,9.7,6065.0,100.0,North Fork Trail,North Palisade,False,
Royce Peak,SPS,17.2,2,False,False,9.7,6030.0,150.0,Pine Creek Pass Trail,Mount Hilgard,False,
Mount Keith,SPS,8.9,2,False,False,9.7,8315.0,650.0,Shepherd Pass Trail,Mount Williamson,False,
Cardinal Mountain,SPS,10.1,2,False,False,9.8,7980.0,40.0,Taboose Pass Trail,Mount Pinchot,False,
Black Mountain,SPS,9.11,2,False,False,10.0,7640.0,275.0,Baxter Pass Trail,Mount Clarence King,False,
Mount Wynne,SPS,10.4,2,False,False,10.0,7995.0,550.0,Scotty Spring,Mount Pinchot,False,
Goat Mountain,SPS,11.4,2,False,False,10.1,7410.0,240.0,Granite Pass Trail,The Sphinx,False,
Mount Pinchot,SPS,10.5,2,False,False,10.1,8010.0,250.0,Scotty Spring,Mount Pinchot,False,
Mount Wallace,SPS,15.3,2s3,False,False,10.2,4450.0,150.0,Sabrina Basin Trail,Mount Darwin,False,
Mount Humphreys,SPS,16.3,4,True,False,10.2,5045.0,400.0,Piute Pass Trail,MOUNT TOM,True,S-4.1
Angora Mountain,SPS,2.2,2,False,False,10.2,5880.0,1500.0,Jerky Meadows Trail,Kern Lake,False,
Mount Huxley,SPS,15.6,3,False,False,10.2,5875.0,1850.0,Sabrina Basin Trail,Mount Darwin,False,
Mount Hitchcock,SPS,3.11,1,False,False,10.3,5300.0,475.0,Mount Whitney Trail,Mount Whitney,False,
Mount Julius Caesar,SPS,17.3,2,False,False,10.3,6100.0,300.0,Pine Creek Pass Trail,Mount Hilgard,False,
Spanish Mountain,SPS,11.8,1,False,False,10.4,3610.0,280.0,Crown Valley Trail,Rough Spur,False,
Pilot Knob (N),SPS,16.7,2,False,False,10.5,3795.0,800.0,North Lake Trail,Mount Hilgard,False,
North Palisade,SPS,14.4,4,True,False,10.5,6530.0,100.0,North Fork Trail,NORTH PALISADE,True,S-4.1
Split Mountain,SPS,12.1,1,True,False,10.5,9305.0,80.0,Red Lake Trail,SPLIT MOUNTAIN,False,
Giraud Peak,SPS,13.2,2,False,False,10.6,5045.0,1350.0,Bishop Pass Trail,North Palisade,False,
Mount Baxter,SPS,10.1,2,False,False,10.6,8355.0,1200.0,Baxter Pass Trail,Kearsarge Peak,False,
Mount Hale,SPS,5.2,1,False,False,10.7,6945.0,1750.0,Mount Whitney Trail,Mount Whitney,False,
Mount Young,SPS,5.1,1,False,False,10.8,6625.0,1750.0,Mount Whitney Trail,Mount Whitney,False,
Red Slate Mountain,SPS,18.4,1,False,True,10.9,4990.0,,McGee Creek Trail,Convict Lake,False,
Mount Whitney,SPS,4.7,1,True,False,10.9,6390.0,200.0,Mount Whitney Trail,MOUNT WHITNEY,True,S-1.0
Mount Silliman,SPS,6.2,1,False,False,11.0,4770.0,330.0,Silliman Pass Trail,Mount Silliman,False,
Olancha Peak,SPS,3.1,2,True,False,11.0,6435.0,100.0,Olancha Pass Trail,OLANCHA,True,S-2.1
Goodale Mountain,SPS,10.9,2s3,False,False,11.0,7395.0,40.0,Taboose Pass Trail,Mount Pinchot,False,
Mount Langley,SPS,3.5,1,False,False,11.1,4795.0,400.0,Cottonwood Lakes Trail,Mount Langley,True,S-1.1
Mount Tyndall,SPS,5.8,2,False,False,11.1,8360.0,650.0,Shepherd Pass Trail,Mount Williamson,False,
Mount Prater,SPS,12.3,1,False,False,11.3,8735.0,80.0,Red Lake Trail,Split Mountain,False,
Black Hawk Mountain,SPS,23.1,2,False,False,11.4,4190.0,200.0,Huckleberry Trail,Emigrant Lake,False,
Mount Davis,SPS,19.5,2,False,False,11.4,5100.0,1120.0,Pacific Crest Trail,Mount Ritter,False,
Banner Peak,SPS,19.4,2,False,False,11.4,5730.0,1120.0,Pacific Crest Trail,Mount Ritter,False,
Striped Mountain,SPS,10.8,1,False,False,11.4,7810.0,40.0,Taboose Pass Trail,Mount Pinchot,False,
Mount Fiske,SPS,15.5,2,False,False,11.5,5630.0,1200.0,Sabrina Basin Trail,Mount Darwin,False,
Diamond Peak,SPS,9.12,2,False,False,11.6,8860.0,1765.0,Baxter Pass Trail,Mount Clarence King,False,
Mount Sill,SPS,14.3,2,False,True,11.9,7685.0,1340.0,North Fork Trail,North Palisade,False,
North Guard,SPS,7.1,3s4,False,False,12.0,5715.0,200.0,Roads end to Bubbs Creek Trail,Mount Brewer,False,
Mount Ritter,SPS,19.3,2,True,False,12.2,6070.0,1250.0,Pacific Crest Trail,MOUNT RITTER,True,S-3.2
Kennedy Mountain,SPS,11.5,1,False,False,12.2,7685.0,800.0,Jerky Meadows Trail,Slide Bluffs,False,
Mount Harrington,SPS,11.6,3,False,False,12.4,7210.0,750.0,Kennedy Pass Trail,Cedar Grove,False,
Junction Peak,SPS,8.8,3,False,True,12.4,8185.0,650.0,Shepherd Pass Trail,Mount Williamson,False,
Mount Clark,SPS,20.4,3s4,False,True,12.5,5190.0,900.0,Mono Meadows Trail,Merced Peak,False,
East Vidette,SPS,8.6,2s3,False,True,12.5,5515.0,1350.0,Kearsarge Pass Trail,Mount Brewer,False,
The Hermit,SPS,15.1,2s5,False,True,12.5,6195.0,3125.0,Lamark Lakes Trail,Mount Darwin,False,
Mount Izaak Walton,SPS,18.2,2,False,False,12.6,5215.0,800.0,Mono Creek Trail,Graveyard Peak,False,
Trojan Peak,SPS,5.7,2,False,False,12.6,8565.0,920.0,Shepherd Pass Trail,Mount Williamson,False,
West Vidette,SPS,8.7,2,False,False,12.7,5695.0,2350.0,Kearsarge Pass Trail,Mount Brewer,False,
Recess Peak,SPS,17.5,2,False,False,12.9,6385.0,1150.0,Bear Ridge Trail,Mount Abbot,False,
Mount Williamson,SPS,5.9,2,True,False,12.9,8990.0,920.0,Shepherd Pass Trail,MOUNT WILLIAMSON,True,S-3.1
Colosseum Mountain,SPS,10.2,1,False,False,13.0,8405.0,520.0,Sawmill Pass Trail,Aberdeen,False,
Mount Florence,SPS,21.3,2,False,False,13.2,5050.0,100.0,John Muir Trail,Mount Lyell,False,
Mount Brewer,SPS,7.9,2,True,False,13.5,6310.0,550.0,Roads end to Bubbs Creek Trail,MOUNT BREWER,False,
Black Giant,SPS,13.6,1,False,False,13.5,5655.0,1400.0,Sabrina Basin Trail,Mount Goddard,False,
Tehipite Dome,SPS,11.7,2s3,False,True,13.5,5680.0,2800.0,Rancheria Trail,Tehipite Dome,False,
Rogers Peak,SPS,19.6,2,False,False,13.5,7490.0,1750.0,Rush Creek Trail,Mount Lyell,False,
Electra Peak,SPS,19.7,2,False,False,13.5,7800.0,2600.0,Rush Creek Trail,Mount Lyell,False,
Mount Hilgard,SPS,17.4,2,False,False,13.7,7760.0,1800.0,Pine Creek Pass Trail,Mount Hilgard,False,
Mount Maclure,SPS,21.4,3,False,False,13.8,4280.0,120.0,John Muir Trail,Mount Lyell,False,
Mount Lyell,SPS,21.5,3,True,False,13.8,4545.0,120.0,John Muir Trail,MOUNT LYELL,False,
Mount Gabb,SPS,17.6,2,False,False,13.8,7905.0,1625.0,Pine Creek Pass Trail,Mount Abbot,False,
Mount Barnard,SPS,5.6,2,False,False,13.9,9330.0,1650.0,Shepherd Pass Trail,Mount Williamson,False,
Charybdis,SPS,13.7,3,False,True,14.0,5820.0,1800.0,Sabrina Basin Trail,Mount Goddard,False,
Pyramid Peak (S),SPS,10.6,2,False,False,14.0,7980.0,250.0,Sawmill Pass Trail,Mount Pinchot,False,
Deerhorn Mountain,SPS,8.5,3,False,True,14.0,6440.0,2350.0,Kearsarge Pass Trail,Mount Brewer,False,
Mount Gardiner,SPS,9.7,4,False,True,14.2,5535.0,1820.0,Kearsarge Pass Trail,Mount Clarence King,False,
Coyote Peaks,SPS,2.3,2,False,False,14.3,7170.0,2100.0,Jerky Meadows Trail,Kern Lake,False,
Seven Gables,SPS,16.9,2,False,True,14.7,6580.0,1150.0,Bear Ridge Trail,Mount Hilgard,False,
South Guard,SPS,7.8,2,False,False,15.0,6620.0,1200.0,Roads end to Bubbs Creek Trail,Mount Brewer,False,
Arrow Peak,SPS,10.7,2,False,True,15.0,8160.0,250.0,Roads end to Bubbs Creek Trail,Mount Pinchot,False,
Center Peak,SPS,8.11,2s4,False,False,15.7,5815.0,2275.0,Kearsarge Pass Trail,Mount Williamson,False,
Gemini,SPS,16.8,2,False,False,16.0,6380.0,1150.0,Bear Ridge Trail,Mount Hilgard,False,
Mount Senger,SPS,16.1,2,False,False,16.2,5725.0,800.0,Blayney Meadows Trail,Mount Hilgard,False,
Scylla,SPS,13.8,2,False,False,16.2,6195.0,2400.0,Sabrina Basin Trail,Mount Goddard,False,
Mount Cotter,SPS,9.8,2,False,False,16.2,6255.0,2730.0,Kearsarge Pass Trail,Mount Clarence King,False,
Mount Eisen,SPS,6.3,2,False,False,16.5,6750.0,2400.0,Sawtooth Pass Trail,Mineral King,False,
Joe Devel Peak,SPS,3.7,2,False,False,17.0,5285.0,1900.0,Cottonwood Pass Trail,Mount Whitney,False,
Mount McDuffie,SPS,13.5,2,False,True,17.0,8870.0,3400.0,Bishop Pass Trail,Mount Goddard,False,
Kern Peak,SPS,2.1,1,False,False,17.2,4920.0,3350.0,Cottonwood Pass Trail,Kern Peak,False,
Mount Clarence King,SPS,9.9,4s5,True,False,17.2,6445.0,2730.0,Kearsarge Pass Trail,MT CLARENCE KING,False,
Mount Ericsson,SPS,8.3,2,False,True,17.5,8150.0,200.0,Roads end to Bubbs Creek Trail,Mount Brewer,False,
Tower Peak,SPS,22.13,3,False,True,17.7,5325.0,800.0,Leavitt Meadows Trail,Tower Peak,False,
Mount Guyot,SPS,3.6,1,False,False,18.1,4760.0,2400.0,Cottonwood Pass Trail,Mount Whitney,False,
Mount Hooper,SPS,16.11,2s4,False,False,18.2,5790.0,800.0,Blayney Meadows Trail,Florence Lake,False,
Mount Pickering,SPS,3.8,2,False,False,18.5,5900.0,2365.0,Cottonwood Pass Trail,Mount Whitney,False,
Merced Peak,SPS,20.1,2,False,False,18.5,6900.0,2405.0,Mono Meadows TH,Merced Peak,False,
Mount Stanford (S),SPS,8.4,3,False,False,18.5,9140.0,200.0,Roads end to Bubbs Creek Trail,Mount Brewer,False,
Devils Crags,SPS,13.3,4,False,True,18.5,6410.0,3820.0,Bishop Pass Trail,North Palisade,False,
Lion Rock,SPS,6.7,2,False,False,18.5,7650.0,2550.0,Alta Peak Trail,Triple Divide Peak,False,
Mount McGee,SPS,15.11,3,False,False,18.5,7140.0,3450.0,Lamark Lakes Trail,Mount Darwin,False,
Mount Ruskin,SPS,11.1,3,False,True,18.5,9705.0,2200.0,Taboose Pass Trail,Mount Pinchot,False,
Piute Mountain,SPS,22.12,2,False,False,18.7,4640.0,1200.0,Barney Lake Trail,Piute Mountain,False,
State Peak,SPS,11.3,2,False,False,18.7,8305.0,720.0,Granite Pass Trail,Marion Peak,False,
Wheel Mountain,SPS,13.4,3,False,False,18.7,6815.0,3850.0,Bishop Pass Trail,Mount Goddard,False,
Mount Chamberlin,SPS,3.9,1,False,False,18.8,5130.0,1900.0,Cottonwood Pass Trail,Mount Whitney,False,
Mount Goddard,SPS,13.9,2,True,False,18.8,7960.0,2200.0,Bishop Pass Trail,MOUNT GODDARD,False,
Caltech Peak,SPS,8.12,2,False,False,18.9,9275.0,1775.0,Shepherd Pass Trail,Mount Brewer,False,
Mount Newcomb,SPS,3.1,2,False,False,19.0,5380.0,1900.0,Cottonwood Pass Trail,Mount Whitney,False,
Triple Divide Peak,SPS,7.1,2,False,True,19.2,7325.0,2450.0,Alta Peak Trail,Triple Divide Peak,False,
Red Peak,SPS,20.2,2,False,False,19.5,5470.0,1000.0,Mono Meadows Trail,Merced Peak,False,
Foerster Peak,SPS,19.8,2,False,False,19.8,6385.0,1300.0,Iceberg Pass Trail,Mount Lyell,False,
Table Mountain,SPS,7.6,3,False,True,19.9,9920.0,2600.0,Shepherd Pass Trail,Mount Brewer,False,
Mount Henry,SPS,15.13,2,False,False,20.0,4715.0,700.0,Blackcap Basin Trail,Mount Henry,False,
Thunder Mountain,SPS,7.7,3s4,False,True,20.0,9625.0,2420.0,Shepherd Pass Trail,Mount Brewer,False,
Marion Peak,SPS,11.2,2,False,False,20.0,10655.0,3350.0,Taboose Pass Trail,Marion Peak,False,
Milestone Mountain,SPS,7.4,3,False,True,20.1,9930.0,2600.0,Shepherd Pass Trail,Mount Brewer,False,
Midway Mountain,SPS,7.5,2,False,False,20.2,9955.0,2600.0,Shepherd Pass Trail,Mount Brewer,False,
Mount Genevra,SPS,8.2,2,False,False,20.3,9620.0,1600.0,Roads end to Bubbs Creek Trail,Mount Brewer,False,
Observation Peak,SPS,13.1,2,False,False,20.7,7550.0,4000.0,Bishop Pass Trail,North Palisade,False,
Mount Jordan,SPS,8.1,3s4,False,False,20.8,9885.0,1600.0,Granite Pass Trail,Mount Brewer,False,
Emerald Peak,SPS,15.12,2,False,False,21.5,6035.0,850.0,Blayney Meadows Trail,Mount Henry,False,
Gray Peak,SPS,20.3,2,False,False,22.0,6045.0,1700.0,Mono Meadows Trail,Merced Peak,False,
Lippincott Mountain,SPS,6.4,2,False,False,22.0,8405.0,3950.0,Sawtooth Pass Trail,Triple Divide Peak,False,
Eagle Scout Peak,SPS,6.5,2,False,False,22.2,8290.0,3350.0,Alta Peak Trail,Triple Divide Peak,False,
Mount Stewart,SPS,6.6,2,False,False,22.7,7940.0,3000.0,Alta Peak Trail,Triple Divide Peak,False,
Black Kaweah,SPS,6.1,3,False,True,22.7,10010.0,4100.0,Sawtooth Pass Trail,Triple Divide Peak,False,
Red Kaweah,SPS,6.9,2,False,False,23.0,10010.0,4100.0,Sawtooth Pass Trail,Triple Divide Peak,False,
Picket Guard Peak,SPS,6.11,2,False,False,23.2,10595.0,4600.0,Shepherd Pass Trail,Mount Kaweah,False,
Kern Point,SPS,6.12,2,False,False,23.5,11020.0,4600.0,Shepherd Pass Trail,Mount Kaweah,False,
Tunemah Peak,SPS,13.12,2,False,False,24.0,7625.0,2450.0,Crown Valley Trail,Slide Bluffs,False,
Whaleback,SPS,7.3,3,False,False,24.0,6225.0,2850.0,Marvin Pass Trail,Sphinx Lake,False,
Pettit Peak,SPS,22.1,2,False,False,25.0,6390.0,2700.0,Barney Lake Trail,Falls Ridge,False,
Glacier Ridge,SPS,7.2,2s4,False,False,25.0,6870.0,2850.0,Marvin Pass Trail,Triple Divide Peak,False,
Mount Kaweah,SPS,6.8,1,True,False,25.0,10390.0,4400.0,Sawtooth Pass Trail,MOUNT KAWEAH,False,
Finger Peak,SPS,13.11,2,False,False,28.0,7485.0,1800.0,Crown Valley Trail,Mount Goddard,False,
Mount Reinstein,SPS,13.1,2,False,False,29.5,5385.0,1000.0,Maxson Trail,Mount Goddard,False,
Lamont Point/Benchmark,non-SPS,1.11,2,False,False,,,,,Peak,False,
Chimney Peak,non-SPS,1.12,1s2,False,False,,,,,Peak,False,
Kennedy Peak,non-SPS,1.13,2,False,False,,,,,Canyon,False,
Ball Mountain,non-SPS,1.14,2,False,False,,,,,Canyon,False,
Pine Mountain,non-SPS,1.15,1s2,False,False,,,,,Peak,False,
Cannell Peak,non-SPS,1.16,2,False,False,,,,,Peak,False,
Cherry Hill,non-SPS,1.17,1,False,False,,,,,Fairview,False,
Bass Peak,non-SPS,1.18,2,False,False,,,,,Creek,False,
Sherman Peak,non-SPS,1.19,1,False,False,,,,,Creek,False,
Lookout Mountain,non-SPS,1.2,1s2,False,False,,,,,Creek,False,
Schaeffer Mountain,non-SPS,1.21,1,False,False,,,,,Creek,False,
Andy Smatko Peak,non-SPS,1.22,2s3,False,False,,,,,Meadows,False,
Bald Mountain,non-SPS,1.23,1,False,False,,,,,Meadows,False,
Jackass Peak,non-SPS,1.24,3,False,False,,,,,Mountain,False,
Granite Knob,non-SPS,1.25,2,False,False,,,,,Mountain,False,
Blackrock Mountain,non-SPS,1.26,1,False,False,,,,,Meadows,False,
Manzanita Knob,non-SPS,1.27,1,False,False,,,,,Meadows,False,
Doc Peak,non-SPS,1.28,1,False,False,,,,,Meadows,False,
Deer Mountain,non-SPS,1.29,1,False,False,,,,,Mountain,False,
Round Mountain,non-SPS,1.3,1,False,False,,,,,Pass,False,
Monache Mountain,non-SPS,1.31,1,False,False,,,,,Mountain,False,
Anderson Point,non-SPS,1.32,1,False,False,,,,,Mountain,False,
Maggie Mountain,non-SPS,2.11,2,False,False,,,,,Peak,False,
White Chief Peak,non-SPS,2.12,2,False,False,,,,,King,False,
Hengst Peak,non-SPS,2.13,2,False,False,,,,,King,False,
Tulare Peak,non-SPS,2.14,2,False,False,,,,,King,False,
Rainbow Mountain,non-SPS,2.15,2,False,False,,,,,King,False,
Mineral Peak,non-SPS,2.16,2,False,False,,,,,King,False,
Empire Mountain,non-SPS,2.17,2,False,False,,,,,King,False,
Brown Mountain,non-SPS,3.12,2,False,False,,,,,Mountain,False,
Templeton Mountain,non-SPS,3.13,1,False,False,,,,,Mountain,False,
Johnson Peak,non-SPS,3.14,2,False,False,,,,,Peak,False,
Trail Peak #,non-SPS,3.15,1-2,False,False,,,,,Peak,False,
Mount Anna Mills,non-SPS,3.16,2,False,False,,,,,Peak,False,
The Major General,non-SPS,3.17,2,False,False,,,,,Whitney,False,
The Miter,non-SPS,3.18,3-4,False,False,,,,,Whitney,False,
Mount Marsh,non-SPS,4.1,3,False,False,,,,,Whitney,False,
Discovery Pinnacle #,non-SPS,4.11,1sr2,False,False,,,,,Whitney,False,
Wotans Throne,non-SPS,4.12,3,False,False,,,,,Whitney,False,
Pinnacle Ridge,non-SPS,4.13,4,False,False,,,,,Whitney,False,
Crooks Peak,non-SPS,4.14,2,False,False,,,,,Whitney,False,
Keeler Needle,non-SPS,4.15,2-3,False,False,,,,,Whitney,False,
Mount Carl Heller,non-SPS,5.1,3,False,False,,,,,Williamson,False,
Tawny Point,non-SPS,5.11,1,False,False,,,,,Williamson,False,
Mount Versteeg #,non-SPS,5.12,2,False,False,,,,,Williamson,False,
Mount Tyndall - Southwest Peak,non-SPS,5.13,2,False,False,,,,,Williamson,False,
Polychrome Peak,non-SPS,5.14,2,False,False,,,,,Williamson,False,
Kaweah Queen,non-SPS,6.13,2,False,False,,,,,Peak,False,
Lawson Peak,non-SPS,6.14,2,False,False,,,,,Peak,False,
Panther Peak,non-SPS,6.15,2,False,False,,,,,Lodgepole,False,
Twin Peaks (SEKI),non-SPS,6.18,3,False,False,,,,,Silliman,False,
Mount Maddox,non-SPS,6.19,2-3,False,False,,,,,Silliman,False,
Mitchell Peak,non-SPS,6.2,1,False,False,,,,,Silliman,False,
Lookout Peak (Kings Canyon),non-SPS,6.21,1,False,False,,,,,Grove,False,
Centennial Peak,non-SPS,7.11,2,False,False,,,,,Brewer,False,
Mount Francis Farquhar,non-SPS,7.12,3,False,False,,,,,Brewer,False,
Cross Mountain,non-SPS,7.13,2,False,False,,,,,Brewer,False,
Palmer Mountain,non-SPS,7.14,2,False,False,,,,,Lakes,False,
Center Basin Crag #5,non-SPS,8.13,2,False,False,,,,,Williamson,False,
Center Basin Crag #1,non-SPS,8.14,4,False,False,,,,,Williamson,False,
East Spur,non-SPS,8.15,3,False,False,,,,,Brewer,False,
PhD Peak”/Peak 3920m,non-SPS,9.13,3,False,False,,,,,Williamson,False,
Kearsarge Pinnacle #11,non-SPS,9.15,2,False,False,,,,,King,False,
Kearsarge Pinnacle #12,non-SPS,9.16,2,False,False,,,,,King,False,
Falcor Peak”/Peak 3912m,non-SPS,9.17,3,False,False,,,,,King,False,
Glacier Spike,non-SPS,9.18,2,False,False,,,,,King,False,
Charlotte Dome,non-SPS,9.19,3,False,False,,,,,King,False,
Painted Lady,non-SPS,9.2,2,False,False,,,,,King,False,
Fin Dome,non-SPS,9.21,3-4,False,False,,,,,King,False,
Mary Austin,non-SPS,9.22,2,False,False,,,,,Peak,False,
Acrodectes Peak,non-SPS,10.11,2,False,False,,,,,King,False,
Mount Cedric Wright,non-SPS,10.12,2,False,False,,,,,Pinchot,False,
Crater Mountain,non-SPS,10.13,2,False,False,,,,,Pinchot,False,
Mount Ickes,non-SPS,10.14,2,False,False,,,,,Pinchot,False,
Mount Hutchings,non-SPS,11.1,2,False,False,,,,,Sphinx,False,
Munger Peak,non-SPS,11.11,2,False,False,,,,,Sphinx,False,
Hogback Peak,non-SPS,11.12,2,False,False,,,,,Bluffs,False,
Castle Peak (W Mid-Sierra)),non-SPS,11.13,1,False,False,,,,,Dome,False,
Patterson Mountain,non-SPS,11.14,1,False,False,,,,,Mountain,False,
Eagle Peak,non-SPS,11.15,2,False,False,,,,,Mountain,False,
Nelson Mountain,non-SPS,11.16,2,False,False,,,,,Mountain,False,
Brown Peak,non-SPS,11.17,2,False,False,,,,,Dogtooth,False,
Dogtooth Peak,non-SPS,11.18,2-3,False,False,,,,,Dogtooth,False,
Maxon Dome,non-SPS,11.19,2,False,False,,,,,Dogtooth,False,
Vennacher Needle,non-SPS,11.2,2,False,False,,,,,Pinchot,False,
Twin Peaks” (Palisades),non-SPS,12.11,2,False,False,,,,,Mountain,False,
Ed Lane Peak” / Peak 4138m,non-SPS,12.12,3,False,False,,,,,Mountain,False,
Kid Mountain,non-SPS,12.14,2,False,False,,,,,Mountain,False,
Woodworth,non-SPS,13.13,2,False,False,,,,,Palisade,False,
Mount Shakspere,non-SPS,13.14,2,False,False,,,,,Palisade,False,
Rambaud Peak,non-SPS,13.15,2,False,False,,,,,Palisade,False,
The Citadel,non-SPS,13.16,2,False,False,,,,,Palisade,False,
Langille,non-SPS,13.17,2,False,False,,,,,Palisade,False,
Mount Solomons,non-SPS,13.18,2,False,False,,,,,Goddard,False,
Blackcap Mountain,non-SPS,13.19,2,False,False,,,,,Mountain,False,
Mount Jepson,non-SPS,14.12,2,False,False,,,,,Mountain,False,
Polemonium Peak,non-SPS,14.13,4,False,False,,,,,Palisade,False,
Columbine Peak,non-SPS,14.14,2,False,False,,,,,Palisade,False,
Isosceles Peak,non-SPS,14.15,3-4,False,False,,,,,Palisade,False,
West Isosceles Peak” [1],non-SPS,14.16,3-4,False,False,,,,,Palisade,False,
Buck Mountain,non-SPS,14.17,2,False,False,,,,,Palisade,False,
Trapezoid Peak”/Peak,non-SPS,14.18,3,False,False,,,,,Palisade,False,
Hurd Peak,non-SPS,14.2,2-3,False,False,,,,,Thompson,False,
Sky Haven,non-SPS,14.21,3,False,False,,,,,Thompson,False,
Chocolate Peak,non-SPS,14.22,2,False,False,,,,,Thompson,False,
Vagabond Peak,non-SPS,14.23,2,False,False,,,,,Thompson,False,
Quasimodo Peak,non-SPS,14.24,2,False,False,,,,,Thompson,False,
Coyote Ridge,non-SPS,14.25,1,False,False,,,,,Thompson,False,
Table Mountain (N),non-SPS,14.26,1,False,False,,,,,Thompson,False,
Mount Warlow,non-SPS,15.14,2,False,False,,,,,Darwin,False,
Mount Powell #,non-SPS,15.15,3,False,False,,,,,Thompson,False,
Conway Peak”(1),non-SPS,15.16,3,False,False,,,,,Thompson,False,
Sunset Peak”/Peak,non-SPS,15.17,2,False,False,,,,,Thompson,False,
Picture Peak,non-SPS,15.18,3,False,False,,,,,Darwin,False,
Mount Spencer,non-SPS,15.19,2,False,False,,,,,Darwin,False,
Mount Hutton,non-SPS,15.2,3,False,False,,,,,Henry,False,
Peter Peak,non-SPS,15.21,2,False,False,,,,,Darwin,False,
Red Mountain (S),non-SPS,15.22,1,False,False,,,,,Henry,False,
Fleming Mountain,non-SPS,15.23,2,False,False,,,,,Henry,False,
Zingheim Heights,non-SPS,15.24,3,False,False,,,,,Henry,False,
Muriel Peak,non-SPS,16.12,2,False,False,,,,,Darwin,False,
Mount Thoreau” / Peak,non-SPS,16.13,2,False,False,,,,,Darwin,False,
Mount Locke,non-SPS,16.15,2,False,False,,,,,Tom,False,
Turret Peak,non-SPS,16.16,2,False,False,,,,,Hilgard,False,
Mount Ian Campbell,non-SPS,16.17,1,False,False,,,,,Givens,False,
Mount Givens,non-SPS,16.18,1,False,False,,,,,Givens,False,
Kaiser Peak,non-SPS,16.19,1,False,False,,,,,Givens,False,
Feather Peak,non-SPS,17.12,2,False,False,,,,,Hilgard,False,
Bear Claw Spire” / Peak,non-SPS,17.13,2,False,False,,,,,Hilgard,False,
Spire Peak”/Peak,non-SPS,17.14,4,False,False,,,,,Hilgard,False,
Pip-squeak Spire,non-SPS,17.15,3s5,False,False,,,,,Abbot,False,
Pyramid Peak” (Little Lk Valley),non-SPS,17.16,3,False,False,,,,,Hilgard,False,
Rosy Finch Peak,non-SPS,17.17,3,False,False,,,,,Morgan,False,
Little Lakes Peak,non-SPS,17.18,2,False,False,,,,,Morgan,False,
Twelve Flags Peak,non-SPS,17.19,2,False,False,,,,,Morgan,False,
Lookout”/“Tempest Peak,non-SPS,17.21,2,False,False,,,,,Abbot,False,
Ruby Peak,non-SPS,17.22,3s4,False,False,,,,,Abbot,False,
Mount Starr #,non-SPS,17.23,2,False,False,,,,,Abbot,False,
Graveyard Peak,non-SPS,18.1,3,False,False,,,,,Peak,False,
Mount Hopkins,non-SPS,18.11,2,False,False,,,,,Abbot,False,
Mount Huntington #,non-SPS,18.12,3,False,False,,,,,Abbot,False,
Pointless Peak,non-SPS,18.13,2,False,False,,,,,Abbot,False,
Patricia Peak,non-SPS,18.14,2,False,False,,,,,Abbot,False,
Mount Crocker #,non-SPS,18.15,3,False,False,,,,,Abbot,False,
Silver Divide Peak” / Peak,non-SPS,18.16,2,False,False,,,,,Abbot,False,
Red Mountain (N),non-SPS,18.17,1,False,False,,,,,Place,False,
The White Fang,non-SPS,18.18,3,False,False,,,,,Lake,False,
Mount Aggie,non-SPS,18.19,2,False,False,,,,,Lake,False,
McGee Mountain,non-SPS,18.2,1,False,False,,,,,Lake,False,
Mono Jim Peak,non-SPS,18.21,2,False,False,,,,,Lake,False,
Laurel Mountain,non-SPS,18.22,2,False,False,,,,,Mountain,False,
Creag an Turic II.  (1),non-SPS,19.1,3,False,False,,,,,Mountain,False,
Herlihy Peak,non-SPS,19.11,3,False,False,,,,,Mountain,False,
Pumice Butte,non-SPS,19.12,2,False,False,,,,,Crag,False,
Mammoth Crest / “Blue Crag,non-SPS,19.13,2s3,False,False,,,,,Crag,False,
Madesno Peak” / Peak,non-SPS,19.15,1,False,False,,,,,Crag,False,
Mammoth Mountain #,non-SPS,19.16,1,False,False,,,,,Mountain,False,
Deadman Dome” / Peak 2580m,non-SPS,19.17,2,False,False,,,,,Mountain,False,
"White Wing Mountain 10,007SW Slope via Traverse of Peak",non-SPS,19.18,2,False,False,,,,,Mountain,False,
Volcanic Ridge,non-SPS,19.19,2,False,False,,,,,Ritter,False,
Earthquake Dome,non-SPS,19.2,1,False,False,,,,,Mountain,False,
Two Teats #,non-SPS,19.22,3,False,False,,,,,Mountain,False,
Carson Peak #,non-SPS,19.23,1,False,False,,,,,Mountain,False,
Mount Ansel Adams,non-SPS,19.24,3,False,False,,,,,Lyell,False,
Long Mountain,non-SPS,19.25,2,False,False,,,,,Lyell,False,
Fresno Dome,non-SPS,20.8,1,False,False,,,,,Mtn,False,
Quartz Mountain,non-SPS,20.9,2,False,False,,,,,Peak,False,
Madera Peak,non-SPS,20.1,2,False,False,,,,,Knob,False,
Red Top,non-SPS,20.11,2,False,False,,,,,Peak,False,
Sing Peak,non-SPS,20.12,2,False,False,,,,,Peak,False,
Gale Peak,non-SPS,20.13,2,False,False,,,,,Peak,False,
Post Peak,non-SPS,20.14,2s4,False,False,,,,,Lyell,False,
Isberg Peak,non-SPS,20.15,2,False,False,,,,,Knob,False,
Buena Vista Peak,non-SPS,20.16,2,False,False,,,,,Grove,False,
Triple Divide Peak (Yosemite),non-SPS,20.17,2,False,False,,,,,Peak,False,
Ottoway Peak,non-SPS,20.18,3,False,False,,,,,Peak,False,
El Capitan,non-SPS,20.19,1,False,False,,,,,Capitan,False,
Indian Rock (Yosemite),non-SPS,20.21,1s2,False,False,,,,,Lake,False,
Mount Watkins,non-SPS,20.22,2,False,False,,,,,Falls,False,
Simmons Peak,non-SPS,21.9,2,False,False,,,,,Peak,False,
Parsons Peak,non-SPS,21.1,2,False,False,,,,,Peak,False,
Amelia Earhart Peak,non-SPS,21.11,2,False,False,,,,,Peak,False,
Fletcher Peak,non-SPS,21.12,2,False,False,,,,,Peak,False,
Reversed Peak,non-SPS,21.13,1s2,False,False,,,,,Lake,False,
Donohue Peak #,non-SPS,21.14,2,False,False,,,,,Lyell,False,
Blacktop Peak #,non-SPS,21.15,3,False,False,,,,,Peak,False,
Mount Wood,non-SPS,21.16,2,False,False,,,,,Peak,False,
Parker Peak,non-SPS,21.17,1,False,False,,,,,Peak,False,
Mount Lewis #,non-SPS,21.18,1,False,False,,,,,Peak,False,
Kuna Peak #,non-SPS,21.19,2,False,False,,,,,Peak,False,
Kuna Crest  - South,non-SPS,21.2,2,False,False,,,,,Peak,False,
Kuna Crest North,non-SPS,21.21,2,False,False,,,,,Peak,False,
Mammoth Peak,non-SPS,21.22,2,False,False,,,,,Dana,False,
Rafferty Peak,non-SPS,21.23,1,False,False,,,,,Peak,False,
Cockscomb,non-SPS,21.25,4,False,False,,,,,Lake,False,
Unicorn Peak,non-SPS,21.26,4,False,False,,,,,Lake,False,
Echo Peak #1,non-SPS,21.27,1,False,False,,,,,Lake,False,
Echo Peak #2,non-SPS,21.28,1,False,False,,,,,Lake,False,
Echo Peak #3,non-SPS,21.29,3,False,False,,,,,Lake,False,
Echo Peak #4,non-SPS,21.3,3,False,False,,,,,Lake,False,
Echo Peak #5,non-SPS,21.31,3,False,False,,,,,Lake,False,
Echo Peak #8,non-SPS,21.32,3,False,False,,,,,Lake,False,
Fairview Dome,non-SPS,21.33,3,False,False,,,,,Lake,False,
Sunrise Mountain,non-SPS,21.34,1s3,False,False,,,,,Lake,False,
Columbia Finger,non-SPS,21.35,3-4,False,False,,,,,Lake,False,
Tresidder Peak,non-SPS,21.36,4,False,False,,,,,Lake,False,
Tenaya Peak,non-SPS,21.37,2-3,False,False,,,,,Lake,False,
Mount Hoffman,non-SPS,22.14,2,False,False,,,,,Falls,False,
Tuloumne Peak,non-SPS,22.16,2,False,False,,,,,Falls,False,
Falls Ridge (East),non-SPS,22.17,2s3,False,False,,,,,Ridge,False,
Cold Mountain,non-SPS,22.18,2,False,False,,,,,Ridge,False,
Ragged Peak,non-SPS,22.19,2,False,False,,,,,Pass,False,
White Mountain #,non-SPS,22.2,2,False,False,,,,,Pass,False,
False White Mountain,non-SPS,22.21,2,False,False,,,,,Pass,False,
Gaylor Peak #,non-SPS,22.22,1,False,False,,,,,Pass,False,
Tioga Peak,non-SPS,22.23,1,False,False,,,,,Dana,False,
Lee Vining Peak,non-SPS,22.24,2,False,False,,,,,Dana,False,
Gilcrest Peak,non-SPS,22.25,2,False,False,,,,,Lundy,False,
Tioga Crest,non-SPS,22.26,1,False,False,,,,,Pass,False,
Sheep Peak,non-SPS,22.27,3,False,False,,,,,Pass,False,
Shepherd Crest #,non-SPS,22.28,2,False,False,,,,,Peak,False,
Black Mountain (N),non-SPS,22.29,2,False,False,,,,,Peak,False,
Mount Olsen,non-SPS,22.3,2,False,False,,,,,Lundy,False,
Epidote Peak,non-SPS,22.31,2s3,False,False,,,,,Peak,False,
Camiaca Peak #,non-SPS,22.32,2,False,False,,,,,Peak,False,
Grey Butte,non-SPS,22.33,2,False,False,,,,,Peak,False,
Mount Stanton,non-SPS,22.34,2,False,False,,,,,Peak,False,
Finger Peaks,non-SPS,22.35,3-4,False,False,,,,,Peak,False,
The Dragtooth,non-SPS,22.36,2s3,False,False,,,,,Peak,False,
Slide Mountain #,non-SPS,22.37,2,False,False,,,,,Peak,False,
The Juggernaut,non-SPS,22.38,2,False,False,,,,,Peak,False,
Bath Mountain,non-SPS,22.39,3,False,False,,,,,Peak,False,
Suicide Ridge,non-SPS,22.4,2,False,False,,,,,Peak,False,
Crown Point #,non-SPS,22.41,2-3,False,False,,,,,Peak,False,
Kettle Peak #,non-SPS,22.42,2s3,False,False,,,,,Peak,False,
Cirque Peak #,non-SPS,22.43,1,False,False,,,,,Ridge,False,
Regulation Peak,non-SPS,22.44,2,False,False,,,,,Ridge,False,
Acker Peak,non-SPS,22.45,2,False,False,,,,,Mountain,False,
Wells Peak,non-SPS,22.46,2,False,False,,,,,Mountain,False,
Center Mountain #,non-SPS,22.47,,False,False,,,,,Kerrick,False,
Ehrnbeck Peak #,non-SPS,22.48,3,False,False,,,,,Peak,False,
Hawksbeak Peak #,non-SPS,22.49,2-3,False,False,,,,,Peak,False,
Grouse Mountain,non-SPS,22.5,1,False,False,,,,,Ridge,False,
Snow Peak,non-SPS,22.51,2,False,False,,,,,Mountain,False,
Craig Peak,non-SPS,22.52,3,False,False,,,,,Mountain,False,
Keyes Peak,non-SPS,22.53,2,False,False,,,,,Peak,False,
Forsyth Peak #,non-SPS,22.54,3,False,False,,,,,Peak,False,
Grizzly Peak #,non-SPS,22.55,2-3,False,False,,,,,Peak,False,
Hunewill Peak,non-SPS,22.56,2,False,False,,,,,Ridge,False,
Victoria Peak,non-SPS,22.57,2,False,False,,,,,Ridge,False,
Robinson Peak,non-SPS,22.58,1,False,False,,,,,Ridge,False,
Eagle Peak  (N),non-SPS,22.59,2,False,False,,,,,Ridge,False,
Walker Mountain,non-SPS,23.12,2,False,False,,,,,Ridge,False,
Hanging Valley Ridge,non-SPS,23.13,2,False,False,,,,,Ridge,False,
Mount Emma,non-SPS,23.14,2,False,False,,,,,Springs,False,
Molo Mountain,non-SPS,23.15,2,False,False,,,,,Lake,False,
Sonora Peak,non-SPS,23.16,2,False,False,,,,,Pass,False,
White Mountain (Sonora Pass),non-SPS,23.17,1,False,False,,,,,Peak,False,
Iceberg Peak,non-SPS,23.18,2,False,False,,,,,Cone,False,
Airola Peak,non-SPS,23.19,2,False,False,,,,,Cone,False,
Arnot Peak,non-SPS,23.2,2,False,False,,,,,Peak,False,
Hiram Peak,non-SPS,23.21,2,False,False,,,,,Pass,False,
Folger Peak,non-SPS,23.22,1,False,False,,,,,Pass,False,
Peep Sight Peak,non-SPS,23.23,2,False,False,,,,,Pass,False,
Lookout Peak (Ebbetts Pass) @,non-SPS,23.24,2,False,False,,,,,Pass,False,
Henry Peak,non-SPS,23.25,1,False,False,,,,,Meadows,False,
Bull Run Peak,non-SPS,23.26,2,False,False,,,,,Meadows,False,
Ebbetts Peak,non-SPS,23.27,1,False,False,,,,,Pass,False,
Silver Peak  (Ebbetts Pass) @,non-SPS,23.28,2,False,False,,,,,Pass,False,
Reynolds Peak @,non-SPS,23.29,4,False,False,,,,,Pass,False,
Raymond Peak @,non-SPS,23.3,2s3,False,False,,,,,Pass,False,
The Nipple @,non-SPS,23.31,1,False,False,,,,,Top,False,
Markleeville Peak @,non-SPS,23.32,1,False,False,,,,,Top,False,
Mount Hawkins @,non-SPS,23.33,2,False,False,,,,,Markleeville,False,
Pickett Peak,non-SPS,23.34,2,False,False,,,,,Markleeville,False,
Cary Peak,non-SPS,23.35,2,False,False,,,,,Markleeville,False,
Wade Peak/Benchmark” @ (1),non-SPS,23.36,2,False,False,,,,,Woodfords,False,
The Sisters,non-SPS,23.37,1,False,False,,,,,Lake,False,
Black Butte,non-SPS,23.38,3,False,False,,,,,Lake,False,
Fourth of July Peak,non-SPS,23.39,1,False,False,,,,,Lake,False,
Melissa Coray Peak,non-SPS,23.4,2,False,False,,,,,Lake,False,
Covered Wagon Peak,non-SPS,23.41,2s3,False,False,,,,,lake,False,
Thimble Peak,non-SPS,23.42,2s4,False,False,,,,,Lake,False,
Martin Point,non-SPS,23.44,2,False,False,,,,,lake,False,
Elephants Back,non-SPS,23.45,1,False,False,,,,,Pass,False,
Red Lake Peak @,non-SPS,23.46,2-3,False,False,,,,,Pass,False,
Little Round Top,non-SPS,23.47,1,False,False,,,,,Lake,False,
Stevens Peak @,non-SPS,23.48,2,False,False,,,,,Pass,False,
Waterhouse Peak @,non-SPS,23.49,2,False,False,,,,,Peak,False,
Jobs Peak @,non-SPS,23.5,1,False,False,,,,,Freel,False,
Jobs Sister @,non-SPS,23.51,1,False,False,,,,,Peak,False,
Monument Peak,non-SPS,23.52,1,False,False,,,,,Tahoe,False,
East Peak,non-SPS,23.53,1,False,False,,,,,Peak,False,
Genoa Peak @,non-SPS,23.54,1,False,False,,,,,Peak,False,
Duane Bliss Peak  @,non-SPS,23.55,2,False,False,,,,,Glenbrook,False,
South Camp Peak,non-SPS,23.56,1s2,False,False,,,,,Glenbrook,False,
Snow Valley Peak @,non-SPS,23.57,1,False,False,,,,,Peak,False,
Talking Mountain,non-SPS,23.58,2,False,False,,,,,Lake,False,
Ralston Peak @,non-SPS,23.59,1,False,False,,,,,Lake,False,
Flagpole Peak,non-SPS,23.6,3,False,False,,,,,Lake,False,
Echo Peak,non-SPS,23.61,2,False,False,,,,,Lake,False,
Tahoe Mountain,non-SPS,23.62,1,False,False,,,,,S-1.0,False,
Indian Rock (Tahoe),non-SPS,23.63,3,False,False,,,,,Lake,False,
Angora Peak,non-SPS,23.64,3,False,False,,,,,Lake,False,
Keith’s Dome,non-SPS,23.65,1,False,False,,,,,Lake,False,
Cracked Crag,non-SPS,23.66,2,False,False,,,,,Peak,False,
Mount Agassiz” (Tahoe),non-SPS,23.67,2,False,False,,,,,Peak,False,
Mount Price @,non-SPS,23.68,2,False,False,,,,,Peak,False,
Jacks Peak @,non-SPS,23.69,3,False,False,,,,,Valley,False,
Maggies Peaks (Tahoe),non-SPS,23.7,2,False,False,,,,,Bay,False,
Red Peak @,non-SPS,23.71,2-3,False,False,,,,,Valley,False,
Silver Peak (Crystal Range) @,non-SPS,23.72,3,False,False,,,,,Valley,False,
McConnell Peak @,non-SPS,23.73,3,False,False,,,,,Valley,False,
Tells Peak @,non-SPS,23.74,1,False,False,,,,,Lake,False,
Middle Mountain,non-SPS,23.75,2,False,False,,,,,Bay,False,
Phipps Peak @,non-SPS,23.76,1s2,False,False,,,,,Valley,False,
Jakes Pea7,non-SPS,23.77,1s5,False,False,,,,,Bay,False,
Rubicon Peak @,non-SPS,23.78,2-3,False,False,,,,,Valley,False,
Lost Corner Mountain,non-SPS,23.79,1,False,False,,,,,Homewood,False,
Sourdough Hill,non-SPS,23.8,1,False,False,,,,,Homewood,False,
Ellis Peak @,non-SPS,23.81,1,False,False,,,,,Homewood,False,
Barker Peak,non-SPS,24.1,2,False,False,,,,,Homewood,False,
Twin Peaks (Tahoe) @,non-SPS,24.11,1sr3,False,False,,,,,City,False,
Stanford Rock Highpoint,non-SPS,24.12,1,False,False,,,,,City,False,
Mount Mildred @,non-SPS,24.13,2,False,False,,,,,Chief,False,
Needle Peak @,non-SPS,24.14,2,False,False,,,,,Chief,False,
Lyon Peak @,non-SPS,24.15,2,False,False,,,,,Chief,False,
Silver Peak (Squaw Valley),non-SPS,24.16,2,False,False,,,,,City,False,
Anderson Peak @,non-SPS,24.17,1,False,False,,,,,Norden,False,
Mount Lincoln,non-SPS,24.18,1,False,False,,,,,Norden,False,
Mount Judah,non-SPS,24.19,1,False,False,,,,,Norden,False,
Donner Peak,non-SPS,24.2,1,False,False,,,,,Norden,False,
Snow Mountain @,non-SPS,24.21,2,False,False,,,,,Norden,False,
Devil’s Peak @,non-SPS,24.22,2,False,False,,,,,Springs,False,
Andesite Peak,non-SPS,24.23,1,False,False,,,,,Norden,False,
Basin Peak,non-SPS,24.24,2,False,False,,,,,Lake,False,
Martis Peak,non-SPS,24.25,1,False,False,,,,,Peak,False,
Mount Baldy (Tahoe),non-SPS,24.26,1,False,False,,,,,(Nev),False,
Riﬂe Peak,non-SPS,24.27,1-2,False,False,,,,,(Nev),False,
Rose Knob,non-SPS,24.28,1,False,False,,,,,(Nev),False,
Rose Knob Peak,non-SPS,24.29,2,False,False,,,,,(Nev),False,
Relay Peak,non-SPS,24.3,1,False,False,,,,,(Nev),False,
Mount Houghton,non-SPS,24.31,2,False,False,,,,,(Nev),False,
Church Peak,non-SPS,24.32,1,False,False,,,,,(Nev),False,
Chocolate Peak (Tahoe),non-SPS,24.33,1,False,False,,,,,(Nev),False,
Snowﬂower Mountain,non-SPS,24.34,2,False,False,,,,,(Nev),False,
Signal Peak @,non-SPS,24.35,1,False,False,,,,,Grove,False,
Old Man Mountain @,non-SPS,24.36,2,False,False,,,,,Grove,False,
Black Buttes @,non-SPS,24.37,2s3,False,False,,,,,Mountain,False,
Haskell Peak @,non-SPS,24.38,1,False,False,,,,,Clio,False,
Mount Fillmore @,non-SPS,24.39,2,False,False,,,,,Fillmore,False,
Eureka Peak,non-SPS,24.4,1,False,False,,,,,Lake,False,
