name,campground,capacity,water_proximity,restroom_proximity,notes,loop,site_type,hookups,online_bookable
Cathedral,Sunol Backpack Camp,5,,,"Densely shaded, cool in summer. CAPACITY CONFIRMED by the Sunol booking facility's own site list, which gives all seven figures and matches every one already stored. NOT BOOKABLE ONLINE, corrected from True. ReserveAmerica LISTS this site and will not sell it: EBRPD's backpack sites are phone-only District-wide, which booking_channels has said since it was built, and these rows contradicted it. Listing is not selling, and the column means sellable.",Sunol Backpack,,,False
Eagles Aerie,Sunol Backpack Camp,10,,,"Excellent view of Alameda Creek canyon and Oak Ridge. Noted as ""best"" among Sunol Backpack Camp's sites in this project's trip-planning research (source of that ranking not otherwise specified). SPELLED 'EAGLES EYRIE' ON THE OHLONE WILDERNESS PERMIT MAP, which numbers Sunol's seven sites 1-Cathedral, 2-Oak View, 3-Sycamore, 4-Stars Rest, 5-Hawks Nest, 6-Eagles Eyrie, 7-Sky Camp. That numbering confirms all seven names this project holds and disagrees with one of them. Aerie and eyrie are the same word spelled two ways; the key is kept because tests and the campsites join are built on it, and the map's spelling is recorded so a reader matching the two lists is not left wondering. Third EBRPD naming disagreement in three days, after Eagle Spring(s) and Girls'/Girl's Camp. CAPACITY CONFIRMED by the Sunol booking facility's own site list, which gives all seven figures and matches every one already stored. NOT BOOKABLE ONLINE, corrected from True. ReserveAmerica LISTS this site and will not sell it: EBRPD's backpack sites are phone-only District-wide, which booking_channels has said since it was built, and these rows contradicted it. Listing is not selling, and the column means sellable. AND THE SPELLING RESOLVES IN FAVOUR OF THE STORED KEY, a day after it was recorded as contested. The booking facility calls it ""SUN: EAGLE'S AERIE BP CAMP"" -- aerie, as here. The Ohlone Wilderness permit map's 'Eagles Eyrie' is the outlier at two sources to one. The map is also the document that still demands an abolished permit, so its being wrong twice in one sheet is consistent rather than surprising. Kept as is; the map's spelling stays recorded, now as the minority reading rather than an open question.",Sunol Backpack,,,False
Hawks Nest,Sunol Backpack Camp,5,closest to water,near-ish,"Excellent view of Alameda Creek canyon and Oak Ridge. CAPACITY CONFIRMED by the Sunol booking facility's own site list, which gives all seven figures and matches every one already stored. NOT BOOKABLE ONLINE, corrected from True. ReserveAmerica LISTS this site and will not sell it: EBRPD's backpack sites are phone-only District-wide, which booking_channels has said since it was built, and these rows contradicted it. Listing is not selling, and the column means sellable.",Sunol Backpack,,,False
Oak View,Sunol Backpack Camp,5,,,"Excellent view of lower Alameda Creek canyon and Mission Peak. CAPACITY CONFIRMED by the Sunol booking facility's own site list, which gives all seven figures and matches every one already stored. NOT BOOKABLE ONLINE, corrected from True. ReserveAmerica LISTS this site and will not sell it: EBRPD's backpack sites are phone-only District-wide, which booking_channels has said since it was built, and these rows contradicted it. Listing is not selling, and the column means sellable.",Sunol Backpack,,,False
Sky Camp,Sunol Backpack Camp,3,,,"Magnificent view of Alameda Creek canyon and Oak Ridge. CAPACITY CONFIRMED by the Sunol booking facility's own site list, which gives all seven figures and matches every one already stored. NOT BOOKABLE ONLINE, corrected from True. ReserveAmerica LISTS this site and will not sell it: EBRPD's backpack sites are phone-only District-wide, which booking_channels has said since it was built, and these rows contradicted it. Listing is not selling, and the column means sellable.",Sunol Backpack,,,False
Stars Rest,Sunol Backpack Camp,30,,,"Good view of Alameda Creek canyon and Mission Peak. CAPACITY CONFIRMED by the Sunol booking facility's own site list, which gives all seven figures and matches every one already stored. NOT BOOKABLE ONLINE, corrected from True. ReserveAmerica LISTS this site and will not sell it: EBRPD's backpack sites are phone-only District-wide, which booking_channels has said since it was built, and these rows contradicted it. Listing is not selling, and the column means sellable.",Sunol Backpack,,,False
Sycamore,Sunol Backpack Camp,5,,,"Good view of Alameda Creek canyon. Very shady. CAPACITY CONFIRMED by the Sunol booking facility's own site list, which gives all seven figures and matches every one already stored. NOT BOOKABLE ONLINE, corrected from True. ReserveAmerica LISTS this site and will not sell it: EBRPD's backpack sites are phone-only District-wide, which booking_channels has said since it was built, and these rows contradicted it. Listing is not selling, and the column means sellable.",Sunol Backpack,,,False
001,Anthony Chabot Campground,8,,,,Loop A: Sites 1-12,rv_hookup,"30 amp electric, water, sewer (full hookup)",True
002,Anthony Chabot Campground,8,,,,Loop A: Sites 1-12,rv_hookup,"30 amp electric, water, sewer (full hookup)",True
003,Anthony Chabot Campground,8,,,,Loop A: Sites 1-12,rv_hookup,"30 amp electric, water, sewer (full hookup)",True
004,Anthony Chabot Campground,8,,,,Loop A: Sites 1-12,rv_hookup,"30 amp electric, water, sewer (full hookup)",True
005,Anthony Chabot Campground,8,,,,Loop A: Sites 1-12,rv_hookup,"30 amp electric, water, sewer (full hookup)",True
006,Anthony Chabot Campground,8,,,,Loop A: Sites 1-12,rv_hookup,"30 amp electric, water, sewer (full hookup)",True
007,Anthony Chabot Campground,8,,,,Loop A: Sites 1-12,rv_hookup,"30 amp electric, water, sewer (full hookup)",True
008,Anthony Chabot Campground,8,,,,Loop A: Sites 1-12,rv_hookup,"30 amp electric, water, sewer (full hookup)",True
009,Anthony Chabot Campground,8,,,,Loop A: Sites 1-12,rv_hookup,"30 amp electric, water, sewer (full hookup)",True
010,Anthony Chabot Campground,8,,,"EXISTS BUT IS NOT IN THE ONLINE LISTING. The site number falls in this loop's stated range, so the loop is known; its type is not, and is left blank rather than inherited from its neighbours. No source read says why these six are absent -- the likeliest reading is that they are the accessible sites, since ADA campsites are phone-only here, but that is a hypothesis. Ask Reservations on (888) 327-2757 option 2.",Loop A: Sites 1-12,,,False
011,Anthony Chabot Campground,8,,,,Loop A: Sites 1-12,rv_hookup,"30 amp electric, water, sewer (full hookup)",True
012,Anthony Chabot Campground,8,,,,Loop A: Sites 1-12,rv_hookup,"30 amp electric, water, sewer (full hookup)",True
013,Anthony Chabot Campground,8,,,"Inside the campground, not a backpack site: 0.2 miles (about 1,000 feet) from parking with no vehicle access or adjacent pad. EBRPD suggests a wagon. Priced at the $25 tent-only rate.",Loop B: Hike-In Sites 13-22 (NO driving to site),tent_hike_in,,True
014,Anthony Chabot Campground,8,,,"Inside the campground, not a backpack site: 0.2 miles (about 1,000 feet) from parking with no vehicle access or adjacent pad. EBRPD suggests a wagon. Priced at the $25 tent-only rate.",Loop B: Hike-In Sites 13-22 (NO driving to site),tent_hike_in,,True
015,Anthony Chabot Campground,8,,,"Inside the campground, not a backpack site: 0.2 miles (about 1,000 feet) from parking with no vehicle access or adjacent pad. EBRPD suggests a wagon. Priced at the $25 tent-only rate.",Loop B: Hike-In Sites 13-22 (NO driving to site),tent_hike_in,,True
016,Anthony Chabot Campground,8,,,"Inside the campground, not a backpack site: 0.2 miles (about 1,000 feet) from parking with no vehicle access or adjacent pad. EBRPD suggests a wagon. Priced at the $25 tent-only rate.",Loop B: Hike-In Sites 13-22 (NO driving to site),tent_hike_in,,True
017,Anthony Chabot Campground,8,,,"Inside the campground, not a backpack site: 0.2 miles (about 1,000 feet) from parking with no vehicle access or adjacent pad. EBRPD suggests a wagon. Priced at the $25 tent-only rate.",Loop B: Hike-In Sites 13-22 (NO driving to site),tent_hike_in,,True
018,Anthony Chabot Campground,8,,,"Inside the campground, not a backpack site: 0.2 miles (about 1,000 feet) from parking with no vehicle access or adjacent pad. EBRPD suggests a wagon. Priced at the $25 tent-only rate.",Loop B: Hike-In Sites 13-22 (NO driving to site),tent_hike_in,,True
019,Anthony Chabot Campground,8,,,"Inside the campground, not a backpack site: 0.2 miles (about 1,000 feet) from parking with no vehicle access or adjacent pad. EBRPD suggests a wagon. Priced at the $25 tent-only rate.",Loop B: Hike-In Sites 13-22 (NO driving to site),tent_hike_in,,True
020,Anthony Chabot Campground,8,,,"Inside the campground, not a backpack site: 0.2 miles (about 1,000 feet) from parking with no vehicle access or adjacent pad. EBRPD suggests a wagon. Priced at the $25 tent-only rate.",Loop B: Hike-In Sites 13-22 (NO driving to site),tent_hike_in,,True
021,Anthony Chabot Campground,8,,,"Inside the campground, not a backpack site: 0.2 miles (about 1,000 feet) from parking with no vehicle access or adjacent pad. EBRPD suggests a wagon. Priced at the $25 tent-only rate.",Loop B: Hike-In Sites 13-22 (NO driving to site),tent_hike_in,,True
022,Anthony Chabot Campground,8,,,"Inside the campground, not a backpack site: 0.2 miles (about 1,000 feet) from parking with no vehicle access or adjacent pad. EBRPD suggests a wagon. Priced at the $25 tent-only rate.",Loop B: Hike-In Sites 13-22 (NO driving to site),tent_hike_in,,True
023,Anthony Chabot Campground,8,,,,Loop C: Sites 23-33,tent_drive_up,,True
024,Anthony Chabot Campground,8,,,,Loop C: Sites 23-33,tent_drive_up,,True
025,Anthony Chabot Campground,8,,,,Loop C: Sites 23-33,tent_drive_up,,True
026,Anthony Chabot Campground,8,,,,Loop C: Sites 23-33,tent_drive_up,,True
027,Anthony Chabot Campground,8,,,,Loop C: Sites 23-33,tent_drive_up,,True
028,Anthony Chabot Campground,8,,,,Loop C: Sites 23-33,tent_drive_up,,True
029,Anthony Chabot Campground,8,,,,Loop C: Sites 23-33,tent_drive_up,,True
030,Anthony Chabot Campground,8,,,,Loop C: Sites 23-33,tent_drive_up,,True
031,Anthony Chabot Campground,8,,,"EXISTS BUT IS NOT IN THE ONLINE LISTING. The site number falls in this loop's stated range, so the loop is known; its type is not, and is left blank rather than inherited from its neighbours. No source read says why these six are absent -- the likeliest reading is that they are the accessible sites, since ADA campsites are phone-only here, but that is a hypothesis. Ask Reservations on (888) 327-2757 option 2.",Loop C: Sites 23-33,,,False
032,Anthony Chabot Campground,8,,,,Loop C: Sites 23-33,tent_drive_up,,True
033,Anthony Chabot Campground,8,,,"EXISTS BUT IS NOT IN THE ONLINE LISTING. The site number falls in this loop's stated range, so the loop is known; its type is not, and is left blank rather than inherited from its neighbours. No source read says why these six are absent -- the likeliest reading is that they are the accessible sites, since ADA campsites are phone-only here, but that is a hypothesis. Ask Reservations on (888) 327-2757 option 2.",Loop C: Sites 23-33,,,False
034,Anthony Chabot Campground,8,,,,Loop D: Sites 34-61,tent_drive_up,,True
035,Anthony Chabot Campground,8,,,,Loop D: Sites 34-61,tent_drive_up,,True
036,Anthony Chabot Campground,8,,,,Loop D: Sites 34-61,tent_drive_up,,True
037,Anthony Chabot Campground,8,,,,Loop D: Sites 34-61,tent_drive_up,,True
038,Anthony Chabot Campground,8,,,,Loop D: Sites 34-61,tent_drive_up,,True
039,Anthony Chabot Campground,8,,,"EXISTS BUT IS NOT IN THE ONLINE LISTING. The site number falls in this loop's stated range, so the loop is known; its type is not, and is left blank rather than inherited from its neighbours. No source read says why these six are absent -- the likeliest reading is that they are the accessible sites, since ADA campsites are phone-only here, but that is a hypothesis. Ask Reservations on (888) 327-2757 option 2.",Loop D: Sites 34-61,,,False
040,Anthony Chabot Campground,8,,,,Loop D: Sites 34-61,tent_drive_up,,True
041,Anthony Chabot Campground,8,,,,Loop D: Sites 34-61,tent_drive_up,,True
042,Anthony Chabot Campground,8,,,,Loop D: Sites 34-61,tent_drive_up,,True
043,Anthony Chabot Campground,8,,,,Loop D: Sites 34-61,tent_drive_up,,True
044,Anthony Chabot Campground,8,,,,Loop D: Sites 34-61,tent_drive_up,,True
045,Anthony Chabot Campground,8,,,,Loop D: Sites 34-61,tent_drive_up,,True
046,Anthony Chabot Campground,8,,,,Loop D: Sites 34-61,tent_drive_up,,True
047,Anthony Chabot Campground,8,,,,Loop D: Sites 34-61,tent_drive_up,,True
048,Anthony Chabot Campground,8,,,,Loop D: Sites 34-61,tent_drive_up,,True
049,Anthony Chabot Campground,8,,,,Loop D: Sites 34-61,tent_drive_up,,True
050,Anthony Chabot Campground,8,,,,Loop D: Sites 34-61,tent_drive_up,,True
051,Anthony Chabot Campground,8,,,,Loop D: Sites 34-61,tent_drive_up,,True
052,Anthony Chabot Campground,8,,,,Loop D: Sites 34-61,tent_drive_up,,True
053,Anthony Chabot Campground,8,,,"EXISTS BUT IS NOT IN THE ONLINE LISTING. The site number falls in this loop's stated range, so the loop is known; its type is not, and is left blank rather than inherited from its neighbours. No source read says why these six are absent -- the likeliest reading is that they are the accessible sites, since ADA campsites are phone-only here, but that is a hypothesis. Ask Reservations on (888) 327-2757 option 2.",Loop D: Sites 34-61,,,False
054,Anthony Chabot Campground,8,,,,Loop D: Sites 34-61,tent_drive_up,,True
055,Anthony Chabot Campground,8,,,,Loop D: Sites 34-61,tent_drive_up,,True
056,Anthony Chabot Campground,8,,,,Loop D: Sites 34-61,tent_drive_up,,True
057,Anthony Chabot Campground,8,,,,Loop D: Sites 34-61,tent_drive_up,,True
058,Anthony Chabot Campground,8,,,,Loop D: Sites 34-61,tent_drive_up,,True
059,Anthony Chabot Campground,8,,,,Loop D: Sites 34-61,tent_drive_up,,True
060,Anthony Chabot Campground,8,,,,Loop D: Sites 34-61,tent_drive_up,,True
061,Anthony Chabot Campground,8,,,,Loop D: Sites 34-61,tent_drive_up,,True
062,Anthony Chabot Campground,8,,,,Loop F: Sites 62-75,tent_drive_up,,True
063,Anthony Chabot Campground,8,,,,Loop F: Sites 62-75,tent_drive_up,,True
064,Anthony Chabot Campground,8,,,,Loop F: Sites 62-75,tent_drive_up,,True
065,Anthony Chabot Campground,8,,,,Loop F: Sites 62-75,tent_drive_up,,True
066,Anthony Chabot Campground,8,,,,Loop F: Sites 62-75,tent_drive_up,,True
067,Anthony Chabot Campground,8,,,,Loop F: Sites 62-75,tent_drive_up,,True
068,Anthony Chabot Campground,8,,,,Loop F: Sites 62-75,tent_drive_up,,True
069,Anthony Chabot Campground,8,,,,Loop F: Sites 62-75,tent_drive_up,,True
070,Anthony Chabot Campground,8,,,,Loop F: Sites 62-75,tent_drive_up,,True
071,Anthony Chabot Campground,8,,,,Loop F: Sites 62-75,tent_drive_up,,True
072,Anthony Chabot Campground,8,,,,Loop F: Sites 62-75,tent_drive_up,,True
073,Anthony Chabot Campground,8,,,,Loop F: Sites 62-75,tent_drive_up,,True
074,Anthony Chabot Campground,8,,,,Loop F: Sites 62-75,tent_drive_up,,True
075,Anthony Chabot Campground,8,,,"EXISTS BUT IS NOT IN THE ONLINE LISTING. The site number falls in this loop's stated range, so the loop is known; its type is not, and is left blank rather than inherited from its neighbours. No source read says why these six are absent -- the likeliest reading is that they are the accessible sites, since ADA campsites are phone-only here, but that is a hypothesis. Ask Reservations on (888) 327-2757 option 2.",Loop F: Sites 62-75,,,False
Eagle Springs #1,Eagle Springs,10,,,"FROM THE SUNOL BOOKING FACILITY, WHICH SELLS NINETEEN BACKPACK SITES ACROSS THREE PARKS. ReserveAmerica's EB/110028 is titled just 'Sunol' and its site list is prefixed MIS:, OHL: and SUN: -- Mission Peak, Ohlone and Sunol. That is why no Mission Peak facility exists and why nothing sells the Ohlone camps under their own name: they are all under this one. Until now this project held these camps as single units with no sites, because the only sources read named the camp and not its parts. Restroom and water proximity are NOT recorded for any of them -- the facility gives a name and a capacity and nothing else -- and at a camp reached on foot that is the question that decides which site to take, which is why open_questions asks it. NOT BOOKABLE ONLINE: listed, not sold. EBRPD's backpack sites are phone-only District-wide.",Mission Peak Backpack,,,False
Eagle Springs #2,Eagle Springs,10,,,"FROM THE SUNOL BOOKING FACILITY, WHICH SELLS NINETEEN BACKPACK SITES ACROSS THREE PARKS. ReserveAmerica's EB/110028 is titled just 'Sunol' and its site list is prefixed MIS:, OHL: and SUN: -- Mission Peak, Ohlone and Sunol. That is why no Mission Peak facility exists and why nothing sells the Ohlone camps under their own name: they are all under this one. Until now this project held these camps as single units with no sites, because the only sources read named the camp and not its parts. Restroom and water proximity are NOT recorded for any of them -- the facility gives a name and a capacity and nothing else -- and at a camp reached on foot that is the question that decides which site to take, which is why open_questions asks it. NOT BOOKABLE ONLINE: listed, not sold. EBRPD's backpack sites are phone-only District-wide.",Mission Peak Backpack,,,False
Eagle Springs #3,Eagle Springs,10,,,"FROM THE SUNOL BOOKING FACILITY, WHICH SELLS NINETEEN BACKPACK SITES ACROSS THREE PARKS. ReserveAmerica's EB/110028 is titled just 'Sunol' and its site list is prefixed MIS:, OHL: and SUN: -- Mission Peak, Ohlone and Sunol. That is why no Mission Peak facility exists and why nothing sells the Ohlone camps under their own name: they are all under this one. Until now this project held these camps as single units with no sites, because the only sources read named the camp and not its parts. Restroom and water proximity are NOT recorded for any of them -- the facility gives a name and a capacity and nothing else -- and at a camp reached on foot that is the question that decides which site to take, which is why open_questions asks it. NOT BOOKABLE ONLINE: listed, not sold. EBRPD's backpack sites are phone-only District-wide.",Mission Peak Backpack,,,False
Eagle Springs #4,Eagle Springs,10,,,"FROM THE SUNOL BOOKING FACILITY, WHICH SELLS NINETEEN BACKPACK SITES ACROSS THREE PARKS. ReserveAmerica's EB/110028 is titled just 'Sunol' and its site list is prefixed MIS:, OHL: and SUN: -- Mission Peak, Ohlone and Sunol. That is why no Mission Peak facility exists and why nothing sells the Ohlone camps under their own name: they are all under this one. Until now this project held these camps as single units with no sites, because the only sources read named the camp and not its parts. Restroom and water proximity are NOT recorded for any of them -- the facility gives a name and a capacity and nothing else -- and at a camp reached on foot that is the question that decides which site to take, which is why open_questions asks it. NOT BOOKABLE ONLINE: listed, not sold. EBRPD's backpack sites are phone-only District-wide.",Mission Peak Backpack,,,False
Boyd #1,Boyd Camp,8,,,"FROM THE SUNOL BOOKING FACILITY, WHICH SELLS NINETEEN BACKPACK SITES ACROSS THREE PARKS. ReserveAmerica's EB/110028 is titled just 'Sunol' and its site list is prefixed MIS:, OHL: and SUN: -- Mission Peak, Ohlone and Sunol. That is why no Mission Peak facility exists and why nothing sells the Ohlone camps under their own name: they are all under this one. Until now this project held these camps as single units with no sites, because the only sources read named the camp and not its parts. Restroom and water proximity are NOT recorded for any of them -- the facility gives a name and a capacity and nothing else -- and at a camp reached on foot that is the question that decides which site to take, which is why open_questions asks it. NOT BOOKABLE ONLINE: listed, not sold. EBRPD's backpack sites are phone-only District-wide.",Ohlone Backpack,,,False
Boyd #2,Boyd Camp,16,,,"FROM THE SUNOL BOOKING FACILITY, WHICH SELLS NINETEEN BACKPACK SITES ACROSS THREE PARKS. ReserveAmerica's EB/110028 is titled just 'Sunol' and its site list is prefixed MIS:, OHL: and SUN: -- Mission Peak, Ohlone and Sunol. That is why no Mission Peak facility exists and why nothing sells the Ohlone camps under their own name: they are all under this one. Until now this project held these camps as single units with no sites, because the only sources read named the camp and not its parts. Restroom and water proximity are NOT recorded for any of them -- the facility gives a name and a capacity and nothing else -- and at a camp reached on foot that is the question that decides which site to take, which is why open_questions asks it. NOT BOOKABLE ONLINE: listed, not sold. EBRPD's backpack sites are phone-only District-wide.",Ohlone Backpack,,,False
Doe #1,Doe Camp,14,,,"FROM THE SUNOL BOOKING FACILITY, WHICH SELLS NINETEEN BACKPACK SITES ACROSS THREE PARKS. ReserveAmerica's EB/110028 is titled just 'Sunol' and its site list is prefixed MIS:, OHL: and SUN: -- Mission Peak, Ohlone and Sunol. That is why no Mission Peak facility exists and why nothing sells the Ohlone camps under their own name: they are all under this one. Until now this project held these camps as single units with no sites, because the only sources read named the camp and not its parts. Restroom and water proximity are NOT recorded for any of them -- the facility gives a name and a capacity and nothing else -- and at a camp reached on foot that is the question that decides which site to take, which is why open_questions asks it. NOT BOOKABLE ONLINE: listed, not sold. EBRPD's backpack sites are phone-only District-wide.",Ohlone Backpack,,,False
Doe #2,Doe Camp,10,,,"FROM THE SUNOL BOOKING FACILITY, WHICH SELLS NINETEEN BACKPACK SITES ACROSS THREE PARKS. ReserveAmerica's EB/110028 is titled just 'Sunol' and its site list is prefixed MIS:, OHL: and SUN: -- Mission Peak, Ohlone and Sunol. That is why no Mission Peak facility exists and why nothing sells the Ohlone camps under their own name: they are all under this one. Until now this project held these camps as single units with no sites, because the only sources read named the camp and not its parts. Restroom and water proximity are NOT recorded for any of them -- the facility gives a name and a capacity and nothing else -- and at a camp reached on foot that is the question that decides which site to take, which is why open_questions asks it. NOT BOOKABLE ONLINE: listed, not sold. EBRPD's backpack sites are phone-only District-wide.",Ohlone Backpack,,,False
Maggie's #1,Maggie's Half Acre,6,,,"FROM THE SUNOL BOOKING FACILITY, WHICH SELLS NINETEEN BACKPACK SITES ACROSS THREE PARKS. ReserveAmerica's EB/110028 is titled just 'Sunol' and its site list is prefixed MIS:, OHL: and SUN: -- Mission Peak, Ohlone and Sunol. That is why no Mission Peak facility exists and why nothing sells the Ohlone camps under their own name: they are all under this one. Until now this project held these camps as single units with no sites, because the only sources read named the camp and not its parts. Restroom and water proximity are NOT recorded for any of them -- the facility gives a name and a capacity and nothing else -- and at a camp reached on foot that is the question that decides which site to take, which is why open_questions asks it. NOT BOOKABLE ONLINE: listed, not sold. EBRPD's backpack sites are phone-only District-wide.",Ohlone Backpack,,,False
Maggie's #2,Maggie's Half Acre,14,,,"FROM THE SUNOL BOOKING FACILITY, WHICH SELLS NINETEEN BACKPACK SITES ACROSS THREE PARKS. ReserveAmerica's EB/110028 is titled just 'Sunol' and its site list is prefixed MIS:, OHL: and SUN: -- Mission Peak, Ohlone and Sunol. That is why no Mission Peak facility exists and why nothing sells the Ohlone camps under their own name: they are all under this one. Until now this project held these camps as single units with no sites, because the only sources read named the camp and not its parts. Restroom and water proximity are NOT recorded for any of them -- the facility gives a name and a capacity and nothing else -- and at a camp reached on foot that is the question that decides which site to take, which is why open_questions asks it. NOT BOOKABLE ONLINE: listed, not sold. EBRPD's backpack sites are phone-only District-wide.",Ohlone Backpack,,,False
Maggie's #3,Maggie's Half Acre,16,,,"FROM THE SUNOL BOOKING FACILITY, WHICH SELLS NINETEEN BACKPACK SITES ACROSS THREE PARKS. ReserveAmerica's EB/110028 is titled just 'Sunol' and its site list is prefixed MIS:, OHL: and SUN: -- Mission Peak, Ohlone and Sunol. That is why no Mission Peak facility exists and why nothing sells the Ohlone camps under their own name: they are all under this one. Until now this project held these camps as single units with no sites, because the only sources read named the camp and not its parts. Restroom and water proximity are NOT recorded for any of them -- the facility gives a name and a capacity and nothing else -- and at a camp reached on foot that is the question that decides which site to take, which is why open_questions asks it. NOT BOOKABLE ONLINE: listed, not sold. EBRPD's backpack sites are phone-only District-wide.",Ohlone Backpack,,,False
Stewart's,Stewart's Camp,24,,,"FROM THE SUNOL BOOKING FACILITY, WHICH SELLS NINETEEN BACKPACK SITES ACROSS THREE PARKS. ReserveAmerica's EB/110028 is titled just 'Sunol' and its site list is prefixed MIS:, OHL: and SUN: -- Mission Peak, Ohlone and Sunol. That is why no Mission Peak facility exists and why nothing sells the Ohlone camps under their own name: they are all under this one. Until now this project held these camps as single units with no sites, because the only sources read named the camp and not its parts. Restroom and water proximity are NOT recorded for any of them -- the facility gives a name and a capacity and nothing else -- and at a camp reached on foot that is the question that decides which site to take, which is why open_questions asks it. NOT BOOKABLE ONLINE: listed, not sold. EBRPD's backpack sites are phone-only District-wide.",Ohlone Backpack,,,False
