name,latitude,longitude,elevation_ft,elev_estimated,coord_source,nearest_trailhead,nearest_trailhead_side,nearest_trailhead_mi,region,notes,aliases
Smith Mountain,36.127229,-118.224235,9533,False,GNIS,Blackrock/Monache Road (21S36),east,2.0,,,
English Mountain,39.446352,-120.551138,8373,False,GNIS,Meadow Lake Road (Tollhouse Lake),west,1.9,,,
Lamont Peak,35.792046,-118.043567,7429,False,GNIS,Indian Wells Canyon (Owens Peak),east,6.6,,,
Independence Peak,36.76096,-118.331834,11742,False,GNIS,Onion Valley (Kearsarge Pass),east,0.8,,,
Taylor Dome,35.85635,-118.30342,8802,False,peakbagger,Cannell Meadow (Kernville),east,9.9,,,
Dunderberg Peak,38.064445,-119.274289,12374,False,GNIS,Virginia Lakes,east,1.2,,,
Cathedral Peak,37.847829,-119.405621,10911,False,GNIS,Tuolumne Meadows,crest,4.1,,,
Adams Peak,39.910584,-120.100105,8197,False,GNIS,Adams Peak (Constantia),east,2.6,,,
Round Top,38.663553,-120.00127,10381,False,GNIS,Woods Lake,west,2.0,,,
Mount Dana,37.899686,-119.221249,13057,False,GNIS,Tioga Pass,east,2.1,,,
Sierra Buttes,39.593538,-120.647045,8591,False,GNIS,Sierra Buttes,west,0.2,,,
Kearsarge Peak,36.789474,-118.3472,12618,False,GNIS,Onion Valley (Kearsarge Pass),east,1.3,,,
Sirretta Peak,35.924301,-118.333185,9977,False,GNIS,Cannell Meadow (Kernville),east,4.9,,,
Mount Conness,37.967053,-119.321395,12590,False,GNIS,Saddlebag Lake,east,2.7,,,
Mount Elwell,39.708193,-120.689142,7818,False,GNIS,Lakes Basin Campground,west,1.7,,,
Mount Gibbs,37.877094,-119.211836,12773,False,GNIS,Walker Lake (Bloody Canyon),east,2.9,,,
Owens Peak,35.738123,-117.996877,8453,False,GNIS,Indian Wells Canyon (Owens Peak),east,2.0,,,
Dragon Peak,36.789847,-118.375894,12927,True,GNIS,Onion Valley (Kearsarge Pass),east,2.4,,,
Mount Warren,37.989934,-119.223357,12327,False,GNIS,Saddlebag Lake,east,3.1,,,
Moses Mountain,36.278722,-118.68081,9331,False,GNIS,Hidden Falls (Moses Mountain),west,1.7,,,
Pilot Knob (S),35.728662,-118.212246,6200,True,GNIS,Canebrake (Pilot Knob),east,0.2,,,
University Peak,36.748079,-118.36187,13589,False,GNIS,Onion Valley (Kearsarge Pass),east,2.0,,,
Mount Morrison,37.561387,-118.858277,12277,False,GNIS,Convict Lake,east,1.6,,,
Sawtooth Peak (S),35.823138,-117.998651,8000,True,GNIS,Indian Wells Canyon (Owens Peak),east,7.6,,,
Castle Peak,39.366152,-120.35174,9103,False,GNIS,Castle Peak (Donner),west,1.5,,,
North Peak,37.982191,-119.315072,12242,False,GNIS,Lundy Canyon,east,1.9,,,
Stanislaus Peak,38.383989,-119.667084,11233,False,GNIS,St. Mary's Pass,crest,3.5,,,
Mount Carillon,36.592421,-118.277909,13517,True,GNIS,Whitney Portal,east,2.1,,,Mount Carillion
North Maggie Mountain,36.276772,-118.637698,10234,False,peakbagger,Hidden Falls (Moses Mountain),west,1.8,,,
Mount Russell,36.590671,-118.289036,14088,False,GNIS,Whitney Portal,east,2.7,,,
Mount Tallac,38.905897,-120.098848,9735,False,GNIS,Mount Tallac,west,2.4,,,
Excelsior Mountain,38.024581,-119.305392,12446,False,GNIS,Lundy Canyon,east,1.7,,,
Mount Lola,39.432988,-120.364895,9148,False,GNIS,Mount Lola,west,1.4,,,
Thor Peak,36.576855,-118.26574,12306,False,GNIS,Whitney Portal,east,1.5,,,
Lone Pine Peak,36.561734,-118.2257,12943,False,GNIS,Granite View Drive (Turtle Creek),east,1.8,,,
Mount Johnson,37.128459,-118.586358,12871,False,GNIS,South Lake (Bishop Pass),east,3.0,,Also appears under list=non-SPS with conflicting data; this SPS-list entry was kept via a documented tie-break. Which value is actually correct remains unconfirmed -- see DATA_LICENSE.md's Known follow-ups.,
Mount Emerson,37.2447,-118.659728,13204,False,GNIS,North Lake (Piute/Lamarck),east,2.1,,,
Cloudripper,37.142753,-118.530469,13525,False,GNIS,South Lake (Bishop Pass),east,2.7,,,
Tunnabora Peak,36.605128,-118.282185,13563,False,GNIS,Whitney Portal,east,2.6,,,
Cartago Peak,36.32457,-118.10213,10480,True,peakbagger,Cartago Canal,east,3.8,,,
Mount Mills,37.393853,-118.789998,13451,False,GNIS,Mosquito Flat (Rock Creek),east,3.7,,,
Mount Rose,39.343776,-119.917938,10776,False,GNIS,Mount Rose,east,2.3,,,
Mount Dade,37.381913,-118.779489,13600,True,GNIS,Mosquito Flat (Rock Creek),east,4.1,,,
Mount Abbot,37.386353,-118.784831,13704,False,GNIS,Mosquito Flat (Rock Creek),east,4.0,,,MOUNT ABBOT
Mount Morgan (S),37.405177,-118.732947,13748,False,GNIS,Mosquito Flat (Rock Creek),east,2.2,,,
Freel Peak,38.857429,-119.900123,10881,False,GNIS,Fountain Place (Freel Peak),west,2.1,,,
Mount Gilbert,37.136369,-118.598223,13106,False,GNIS,South Lake (Bishop Pass),east,2.8,,,
Temple Crag,37.109718,-118.491327,12976,False,GNIS,Big Pine Creek (Glacier Lodge),east,3.0,,,
Mount Lamarck,37.19487,-118.670615,13417,False,GNIS,North Lake (Piute/Lamarck),east,3.4,,,
Bloody Mountain,37.560555,-118.906759,12552,False,GNIS,Convict Lake,east,3.2,,,
Rockhouse Peak,35.90099,-118.22839,8360,True,peakbagger,Kennedy Meadows (South),east,8.1,,,
Granite Chief,39.198184,-120.287087,9006,False,GNIS,Squaw Valley (Granite Chief),west,0.1,,,
Mount Bradley,36.728643,-118.338717,13264,False,GNIS,Pinyon Creek,east,1.8,,,
Leavitt Peak,38.286112,-119.651229,11569,False,GNIS,Sonora Pass,crest,3.0,,,
Bear Creek Spire,37.368053,-118.767608,13720,True,GNIS,Pine Creek,east,3.8,,,
San Joaquin Mountain,37.719094,-119.1062,11598,False,GNIS,Agnew Meadows,east,2.8,,,
Pyramid Peak (N),38.844869,-120.157782,9983,False,GNIS,Wrights Lake (Rockbound),west,4.0,,,
Mount Gould,36.779776,-118.377876,13005,False,GNIS,Onion Valley (Kearsarge Pass),east,2.2,,,
Highland Peak,38.543624,-119.755548,10935,False,GNIS,Ebbetts Pass,crest,2.9,,,
Muah Mountain,36.400691,-118.12514,11016,False,GNIS,Horseshoe Meadows (Cottonwood),east,4.2,,,Mount Muah
Mount Goode,37.123027,-118.568106,13085,False,GNIS,South Lake (Bishop Pass),east,3.2,,,
Matterhorn Peak,38.09297,-119.38179,12279,False,GNIS,Twin Lakes (Bridgeport),east,3.7,,,MATTERHORN PEAK
Alta Peak,36.590493,-118.663418,11240,True,GNIS,Lodgepole (Twin Lakes),west,3.6,,,
Crag Peak,36.11176,-118.153446,9480,True,GNIS,Blackrock/Monache Road (21S36),east,6.1,,,
Dicks Peak,38.900458,-120.1509,9974,False,GNIS,Mount Tallac,west,5.0,,,
Sawtooth Peak (N),36.455161,-118.555499,12343,False,GNIS,Mineral King,west,2.3,,,
Spanish Needle,35.77155,-118.0012,7841,False,peakbagger,Indian Wells Canyon (Owens Peak),east,4.2,,,
Disaster Peak,38.448743,-119.733666,10047,False,GNIS,Disaster Creek (Clark Fork),crest,4.3,,,
Middle Palisade,37.07029,-118.469138,14012,False,GNIS,Big Pine Creek (Glacier Lodge),east,4.1,,,
Clouds Rest,37.767825,-119.489196,9926,False,GNIS,Sunrise Lakes (Tenaya Lake),crest,2.8,,,
Palisade Crest,37.081447,-118.48958,13553,False,GNIS,Big Pine Creek (Glacier Lodge),east,4.0,,,
Norman Clyde Peak,37.074485,-118.474422,13855,False,GNIS,Big Pine Creek (Glacier Lodge),east,3.9,,,
Disappointment Peak,37.067903,-118.467557,13917,False,GNIS,Big Pine Creek (Glacier Lodge),east,4.2,,,
Vandever Mountain,36.398358,-118.581235,11947,False,GNIS,Mineral King,west,3.9,,,
Mount McAdie,36.551753,-118.276336,13799,False,GNIS,Whitney Portal,east,3.1,,,
Mount Irvine,36.55591,-118.263539,13780,True,GNIS,Whitney Portal,east,2.4,,,
Mount Mallory,36.549086,-118.262276,13845,False,GNIS,Whitney Portal,east,2.8,,,
Three Sisters,37.141226,-119.060785,10612,False,GNIS,Courtright Reservoir,west,6.5,,,
Basin Mountain,37.296143,-118.660409,13181,False,GNIS,Horton Lakes (Buttermilk),east,2.2,,,
Tinker Knob,39.244635,-120.28493,8949,False,GNIS,Squaw Valley (Granite Chief),west,3.3,,,
Cirque Peak,36.476936,-118.236977,12900,False,GNIS,Horseshoe Meadows (Cottonwood),east,4.2,,,
Mount Agassiz,37.111877,-118.530755,13893,False,GNIS,South Lake (Bishop Pass),east,4.4,,,
Mount Starr King,37.702793,-119.517592,9092,False,GNIS,Mono Meadow,west,4.3,,,
Mount Morgan (N),37.511317,-118.779836,13002,False,GNIS,McGee Creek,east,2.9,,,
Homers Nose,36.384673,-118.738877,9023,False,GNIS,South Fork Kaweah (Cahoon Gap),west,3.5,,,
Mount Baldwin,37.532061,-118.851269,12615,False,GNIS,McGee Creek,east,3.3,,,
Mount Mendel,37.174841,-118.682236,13710,False,GNIS,Lake Sabrina (Sabrina Basin),east,4.7,,,
Mount Stanford (N),37.489339,-118.796287,12836,False,GNIS,McGee Creek,east,4.3,,,
Iron Mountain,37.611423,-119.164761,11148,False,GNIS,Minaret Vista,east,6.5,,,
Needham Mountain,36.454322,-118.537352,12520,True,GNIS,Mineral King,west,3.3,,,
Mount Corcoran,36.538552,-118.250484,13714,True,GNIS,Granite View Drive (Turtle Creek),east,3.3,,,
Mount Darwin,37.167022,-118.672388,13831,False,GNIS,Lake Sabrina (Sabrina Basin),east,4.7,,,MOUNT DARWIN
Florence Peak,36.406221,-118.55087,12432,False,GNIS,Mineral King,west,4.1,,,
Mount Le Conte,36.541617,-118.252225,13830,False,GNIS,Whitney Portal,east,3.1,,,Mount LeConte
Mokelumne Peak,38.538045,-120.094341,9334,False,GNIS,Tanglefoot (Bear River Reservoir),west,5.3,,,
Mount Tom,37.338556,-118.656936,13652,False,GNIS,Horton Lakes (Buttermilk),east,2.5,,,
Half Dome,37.744402,-119.534053,8840,True,GNIS,Sunrise Lakes (Tenaya Lake),crest,5.7,,,
Four Gables,37.302473,-118.699931,12720,True,GNIS,Horton Lakes (Buttermilk),east,4.2,,,
Mount Rixford,36.784856,-118.398887,12887,False,GNIS,Onion Valley (Kearsarge Pass),east,3.4,,,
Birch Mountain,37.062492,-118.419066,13602,False,GNIS,Red Lake (McMurry Meadows),east,3.7,,,
Red and White Mountain,37.479892,-118.857269,12816,False,GNIS,McGee Creek,east,6.0,,,
Whorl Mountain,38.074121,-119.383428,12033,False,GNIS,Twin Lakes (Bridgeport),east,5.0,,,
Thunderbolt Peak,37.097488,-118.517293,14003,False,GNIS,Big Pine Creek (Glacier Lodge),east,4.7,,,
The Thumb,37.07148,-118.445977,13356,False,GNIS,Big Pine Creek (Glacier Lodge),east,3.6,,,
Mount Perkins,36.927166,-118.381436,12566,False,GNIS,Sawmill Pass,east,0.9,,,
Clyde Minaret,37.66028,-119.1739,12264,False,peakbagger,Agnew Meadows,east,5.1,,,
Vogelsang Peak,37.777365,-119.349521,11493,False,GNIS,Sunrise Lakes (Tenaya Lake),crest,6.2,,,
Mount Thompson,37.142882,-118.613612,13494,False,GNIS,South Lake (Bishop Pass),east,3.1,,,
Mount Muir,36.564739,-118.291329,14012,False,GNIS,Whitney Portal,east,3.1,,,
Mount Powell,37.138674,-118.634023,13360,True,GNIS,South Lake (Bishop Pass),east,4.3,,,
Virginia Peak,38.065851,-119.357893,12001,False,GNIS,Virginia Lakes,east,5.2,,,
Twin Peaks,38.080489,-119.357527,12323,False,GNIS,Twin Lakes (Bridgeport),east,4.6,,,
Mount Tinemaha,37.036314,-118.396367,12520,False,GNIS,Red Lake (McMurry Meadows),east,2.0,,,
Merriam Peak,37.309126,-118.765212,13103,False,GNIS,Pine Creek,east,5.8,,,
Silver Peak,37.469703,-119.0212,11878,False,GNIS,Lake Edison (Vermilion),west,6.4,,,
Mount Gayley,37.103001,-118.499807,13510,False,GNIS,Big Pine Creek (Glacier Lodge),east,3.6,,,
Mount Goethe,37.206148,-118.702298,13264,False,GNIS,North Lake (Piute/Lamarck),east,4.4,,,
Mount Bolton-Brown,37.046129,-118.441029,13491,False,GNIS,Red Lake (McMurry Meadows),east,4.5,,,
Koip Peak,37.813721,-119.201544,12962,False,GNIS,Rush Creek (Silver Lake),east,4.5,,,
Mount Haeckel,37.150992,-118.661007,13418,False,GNIS,Lake Sabrina (Sabrina Basin),east,5.2,,,
Mount Bago,36.769994,-118.438088,11870,False,GNIS,Onion Valley (Kearsarge Pass),east,5.4,,,
Mount Winchell,37.104596,-118.526166,13775,False,GNIS,South Lake (Bishop Pass),east,4.9,,,
Royce Peak,37.318174,-118.770896,13280,True,GNIS,Pine Creek,east,5.5,,,
Mount Keith,36.700069,-118.343416,13976,False,GNIS,Shepherd Pass,east,2.7,,,
Cardinal Mountain,36.999405,-118.412737,13396,False,GNIS,Red Lake (McMurry Meadows),east,3.9,,,
Black Mountain,36.809148,-118.378012,13291,False,GNIS,Onion Valley (Kearsarge Pass),east,3.4,,,
Mount Wynne,36.938011,-118.402918,13179,False,GNIS,Sawmill Pass,east,2.0,,,
Goat Mountain,36.869469,-118.574211,12207,False,GNIS,Roads End (Cedar Grove),west,5.2,,,
Mount Pinchot,36.947328,-118.4052,13494,False,GNIS,Sawmill Pass,east,2.3,,,
Mount Wallace,37.146807,-118.656798,13377,False,GNIS,South Lake (Bishop Pass),east,5.2,,,
Mount Humphreys,37.269972,-118.671653,13986,False,GNIS,North Lake (Piute/Lamarck),east,3.7,,,MOUNT HUMPHREYS
Angora Mountain,36.264326,-118.446047,10198,False,GNIS,Jerkey Meadow,west,5.9,,,
Mount Huxley,37.136036,-118.682739,13086,False,GNIS,Lake Sabrina (Sabrina Basin),east,6.7,,,
Mount Hitchcock,36.554866,-118.311852,13186,False,GNIS,Whitney Portal,east,4.5,,,
Mount Julius Caesar,37.356733,-118.781666,13200,True,GNIS,Pine Creek,east,4.7,,,Mount Julius Ceasar
Spanish Mountain,36.909209,-118.891391,10051,False,GNIS,Rancheria,west,5.8,,,
Pilot Knob (N),37.273405,-118.757111,12245,False,GNIS,Pine Creek,east,7.6,,,
North Palisade,37.094243,-118.514437,14242,False,GNIS,Big Pine Creek (Glacier Lodge),east,4.6,,,NORTH PALISADE
Split Mountain,37.02096,-118.422536,14042,True,GNIS,Red Lake (McMurry Meadows),east,3.6,,,SPLIT MOUNTAIN
Giraud Peak,37.077297,-118.564477,12608,False,GNIS,South Lake (Bishop Pass),east,6.3,,,
Mount Baxter,36.861438,-118.36222,13136,False,GNIS,Armstrong Canyon,east,3.2,,,
Mount Hale,36.588037,-118.314654,13494,False,GNIS,Whitney Portal,east,4.1,,,
Mount Young,36.581042,-118.327623,13176,False,GNIS,Whitney Portal,east,4.8,,,
Red Slate Mountain,37.507448,-118.86915,13123,True,GNIS,McGee Creek,east,5.0,,,
Mount Whitney,36.57857,-118.292422,14491,False,GNIS,Whitney Portal,east,2.9,,,MOUNT WHITNEY
Mount Silliman,36.643245,-118.696764,11188,False,GNIS,Lodgepole (Twin Lakes),west,3.1,,,
Olancha Peak,36.265368,-118.118152,12123,False,GNIS,Sage Flat (Olancha),east,4.8,,,OLANCHA PEAK
Goodale Mountain,36.972169,-118.385438,12772,False,GNIS,Sawmill Pass,east,2.9,,,
Mount Langley,36.523367,-118.239416,14026,False,GNIS,Granite View Drive (Turtle Creek),east,3.3,,,
Mount Tyndall,36.655744,-118.337273,14019,False,GNIS,Shepherd Pass,east,3.4,,,
Mount Prater,37.036793,-118.434705,13471,False,GNIS,Red Lake (McMurry Meadows),east,4.1,,,
Black Hawk Mountain,38.20597,-119.708986,10348,False,GNIS,Gianelli Cabin,west,4.1,,,
Mount Davis,37.714989,-119.219382,12303,False,GNIS,Rush Creek (Silver Lake),east,6.9,,,
Banner Peak,37.696442,-119.194743,12936,False,GNIS,Agnew Meadows,east,6.1,,,
Striped Mountain,36.965621,-118.403766,13179,False,GNIS,Sawmill Pass,east,3.0,,,
Mount Fiske,37.136569,-118.667835,13503,False,GNIS,South Lake (Bishop Pass),east,6.0,,,
Diamond Peak,36.826359,-118.390272,13127,False,GNIS,Onion Valley (Kearsarge Pass),east,4.7,,,
Mount Sill,37.095985,-118.503396,14153,False,GNIS,Big Pine Creek (Glacier Lodge),east,4.0,,,
North Guard,36.716527,-118.490038,13327,False,GNIS,Roads End (Cedar Grove),west,7.5,,,
Mount Ritter,37.688965,-119.199575,13143,False,GNIS,Agnew Meadows,east,6.3,,,MOUNT RITTER
Kennedy Mountain,36.879116,-118.668186,11433,False,GNIS,Deer Cove,west,5.8,,,
Mount Harrington,36.870005,-118.733645,11009,False,GNIS,Deer Cove,west,4.7,,,
Junction Peak,36.690962,-118.366282,13845,True,GNIS,Shepherd Pass,east,3.9,,,
Mount Clark,37.696373,-119.428613,11522,False,GNIS,Sunrise Lakes (Tenaya Lake),crest,7.4,,,
East Vidette,36.743814,-118.400555,12356,False,GNIS,Onion Valley (Kearsarge Pass),east,3.8,,,
The Hermit,37.162897,-118.718487,12328,False,GNIS,North Lake (Piute/Lamarck),east,6.8,,,
Mount Izaak Walton,37.469966,-118.889922,12077,False,GNIS,McGee Creek,east,7.6,,,
Trojan Peak,36.642322,-118.315286,13947,False,GNIS,Shepherd Pass,east,3.6,,,
West Vidette,36.733905,-118.419727,12533,True,GNIS,Onion Valley (Kearsarge Pass),east,5.1,,,
Recess Peak,37.38242,-118.855452,12813,False,GNIS,Mosquito Flat (Rock Creek),east,7.0,,,
Mount Williamson,36.655954,-118.311085,14370,True,GNIS,Shepherd Pass,east,2.6,,,MOUNT WILLIAMSON
Colosseum Mountain,36.90719,-118.367004,12473,False,GNIS,Sawmill Pass,east,1.8,,,
Mount Florence,37.739772,-119.316033,12561,False,GNIS,Sunrise Lakes (Tenaya Lake),crest,8.9,,,
Mount Brewer,36.708319,-118.485233,13570,False,GNIS,Roads End (Cedar Grove),west,8.1,,,MOUNT BREWER
Black Giant,37.102239,-118.648707,13330,False,GNIS,South Lake (Bishop Pass),east,6.4,,,
Tehipite Dome,36.918839,-118.780689,7708,False,GNIS,Deer Cove,west,8.8,,,
Rogers Peak,37.72505,-119.25754,12978,False,peakbagger,Rush Creek (Silver Lake),east,8.2,,,
Electra Peak,37.705208,-119.260172,12442,False,GNIS,Rush Creek (Silver Lake),east,9.1,,,
Mount Hilgard,37.360312,-118.826932,13361,False,GNIS,Mosquito Flat (Rock Creek),east,6.8,,,
Mount Maclure,37.74357,-119.280355,12880,True,GNIS,Rush Creek (Silver Lake),east,8.8,,,Mount MacClure
Mount Lyell,37.739412,-119.271888,13144,False,GNIS,Rush Creek (Silver Lake),east,8.4,,,MOUNT LYELL
Mount Gabb,37.376631,-118.802736,13680,True,GNIS,Mosquito Flat (Rock Creek),east,5.1,,,
Mount Barnard,36.628403,-118.321599,13990,False,GNIS,Shepherd Pass,east,4.6,,,
Charybdis,37.086854,-118.668169,13096,False,GNIS,South Lake (Bishop Pass),east,8.0,,,
Pyramid Peak (S),36.906413,-118.462111,12779,False,GNIS,Sawmill Pass,east,5.6,,,
Deerhorn Mountain,36.712963,-118.41045,13281,False,GNIS,Pinyon Creek,east,5.6,,,
Mount Gardiner,36.8061,-118.459192,12907,False,GNIS,Roads End (Cedar Grove),west,6.9,,,
Coyote Peaks,36.312087,-118.447367,10892,False,GNIS,Jerkey Meadow,west,9.1,,,
Seven Gables,37.310878,-118.833523,13080,True,GNIS,Florence Lake,west,8.1,,,
South Guard,36.693459,-118.483874,13232,False,GNIS,Roads End (Cedar Grove),west,8.9,,,
Arrow Peak,36.928521,-118.490881,12959,False,GNIS,Sawmill Pass,east,6.9,,,
Center Peak,36.721928,-118.36264,12730,True,GNIS,Pinyon Creek,east,3.0,,,
Gemini,37.296552,-118.816987,12880,True,GNIS,Pine Creek,east,8.4,,,
Mount Senger,37.277702,-118.858395,12286,False,GNIS,Florence Lake,west,6.3,,,
Scylla,37.080129,-118.689668,12956,False,GNIS,South Lake (Bishop Pass),east,9.1,,,
Mount Cotter,36.818794,-118.44186,12713,False,GNIS,Onion Valley (Kearsarge Pass),east,6.5,,,
Mount Eisen,36.498281,-118.568505,12160,True,GNIS,Mineral King,west,3.5,,,
Joe Devel Peak,36.515326,-118.296379,13327,False,GNIS,Whitney Portal,east,5.8,,,
Mount McDuffie,37.073525,-118.643919,13282,False,GNIS,South Lake (Bishop Pass),east,7.8,,,
Kern Peak,36.308403,-118.287853,11510,False,GNIS,Horseshoe Meadows (Cottonwood),east,11.8,,,
Mount Clarence King,36.833753,-118.446185,12907,False,GNIS,Onion Valley (Kearsarge Pass),east,7.3,,,MOUNT CLARENCE KING
Mount Ericsson,36.697153,-118.414464,13583,True,GNIS,Pinyon Creek,east,6.3,,,
Tower Peak,38.144463,-119.54772,11755,False,GNIS,Twin Lakes (Bridgeport),east,9.5,,,
Mount Guyot,36.509234,-118.362641,12300,False,GNIS,Whitney Portal,east,8.6,,,
Mount Hooper,37.292179,-118.895106,12349,False,GNIS,Florence Lake,west,4.4,,,
Mount Pickering,36.527273,-118.290889,13474,False,GNIS,Whitney Portal,east,4.9,,,
Merced Peak,37.634866,-119.394556,11726,False,GNIS,Isberg (Clover Meadow),west,8.5,,,
Mount Stanford (S),36.703965,-118.395703,13973,False,GNIS,Pinyon Creek,east,5.2,,,
Devils Crags,37.038056,-118.612461,12400,True,GNIS,South Lake (Bishop Pass),east,9.4,,,Devils Crag #1
Lion Rock,36.582348,-118.541987,12360,True,GNIS,Mineral King,west,9.5,,,
Mount McGee,37.138821,-118.738153,12944,False,GNIS,Lake Sabrina (Sabrina Basin),east,8.7,,,
Mount Ruskin,36.978467,-118.473353,12920,False,GNIS,Sawmill Pass,east,6.7,,,
Piute Mountain,38.033526,-119.548096,10541,False,GNIS,Twin Lakes (Bridgeport),east,12.3,,,
State Peak,36.931979,-118.545429,12620,False,GNIS,Roads End (Cedar Grove),west,9.7,,,
Wheel Mountain,37.046727,-118.629452,12774,False,GNIS,South Lake (Bishop Pass),east,9.1,,,
Mount Chamberlin,36.533542,-118.310654,13169,False,GNIS,Whitney Portal,east,5.3,,,
Mount Goddard,37.102915,-118.719884,13568,False,GNIS,South Lake (Bishop Pass),east,9.6,,,MOUNT GODDARD
Caltech Peak,36.688415,-118.390488,13832,False,GNIS,Shepherd Pass,east,5.2,,,
Mount Newcomb,36.540068,-118.293411,13422,False,GNIS,Whitney Portal,east,4.3,,,
Triple Divide Peak,36.592884,-118.530756,12634,False,GNIS,Mineral King,west,10.4,,,
Red Peak,37.653725,-119.409495,11699,False,GNIS,Mono Meadow,west,9.7,,,
Foerster Peak,37.690021,-119.290751,12057,False,GNIS,Rush Creek (Silver Lake),east,11.0,,,Forester Peak
Table Mountain,36.659904,-118.473704,13632,False,GNIS,Shepherd Pass,east,10.1,,,
Mount Henry,37.183191,-118.827236,12196,False,GNIS,Florence Lake,west,10.0,,,
Thunder Mountain,36.668952,-118.475777,13517,True,GNIS,Shepherd Pass,east,10.0,,Also appears under list=non-SPS with conflicting data; this SPS-list entry was kept via a documented tie-break. Which value is actually correct remains unconfirmed -- see DATA_LICENSE.md's Known follow-ups.,
Marion Peak,36.956863,-118.522297,12719,False,GNIS,Sawmill Pass,east,8.7,,,
Milestone Mountain,36.634474,-118.484532,13638,False,GNIS,Shepherd Pass,east,11.1,,,
Midway Mountain,36.643325,-118.48371,13665,False,GNIS,Shepherd Pass,east,10.9,,,
Mount Genevra,36.683307,-118.434325,13054,False,GNIS,Shepherd Pass,east,7.6,,,
Observation Peak,37.023215,-118.523665,12362,False,GNIS,Big Pine Creek (Glacier Lodge),east,8.4,,,
Mount Jordan,36.682248,-118.449785,13320,True,GNIS,Shepherd Pass,east,8.5,,,
Emerald Peak,37.165368,-118.763821,12546,False,GNIS,North Lake (Piute/Lamarck),east,8.7,,,
Gray Peak,37.673668,-119.418746,11573,False,GNIS,Sunrise Lakes (Tenaya Lake),crest,9.0,,,
Lippincott Mountain,36.521169,-118.563106,12265,False,GNIS,Mineral King,west,5.1,,,Mount Lippincott
Eagle Scout Peak,36.545714,-118.561578,12000,True,GNIS,Mineral King,west,6.7,,,
Mount Stewart,36.569665,-118.554655,12200,True,GNIS,Mineral King,west,8.4,,,
Black Kaweah,36.545384,-118.51583,13720,True,GNIS,Mineral King,west,7.8,,,
Red Kaweah,36.54,-118.505625,13720,True,GNIS,Mineral King,west,7.9,,,
Picket Guard Peak,36.576609,-118.47221,12303,False,GNIS,Mineral King,west,11.0,,,
Kern Point,36.596685,-118.444891,12730,True,GNIS,Shepherd Pass,east,10.5,,,
Tunemah Peak,36.995323,-118.688309,11894,False,GNIS,Deer Cove,west,13.3,,,
Whaleback,36.63028,-118.531162,11717,False,GNIS,Lodgepole (Twin Lakes),west,10.9,,,
Pettit Peak,37.985194,-119.480153,10788,False,GNIS,Lundy Canyon,east,10.4,,,
Glacier Ridge,36.617446,-118.558827,12360,True,GNIS,Lodgepole (Twin Lakes),west,9.3,,,
Mount Kaweah,36.52601,-118.478553,13802,False,GNIS,Mineral King,west,8.3,,,MOUNT KAWEAH
Finger Peak,37.029844,-118.730253,12404,False,GNIS,Rancheria,west,13.0,,,
Mount Reinstein,37.07942,-118.738353,12586,False,GNIS,South Lake (Bishop Pass),east,11.3,,,
Lamont Point/Benchmark,,,7621,False,,,,,,,
Chimney Peak,,,7999,False,,,,,,,
Kennedy Peak,,,7202,False,,,,,,,
Ball Mountain,,,9258,False,,,,,,,
Pine Mountain,,,8150,False,,,,,,,
Cannell Peak,35.864996,-118.361218,9380,False,GNIS,Cannell Meadow (Kernville),east,8.6,,,
Cherry Hill,,,8833,False,,,,,,,
Bass Peak,,,9945,False,,,,,,,
Sherman Peak,,,9843,False,,,,,,,
Lookout Mountain,,,9738,False,,,,,,,
Schaeffer Mountain,36.071381,-118.39578,9328,False,GNIS,Big Meadow (Kern Plateau),east,3.0,,,
Andy Smatko Peak,,,8916,False,,,,,,,
Bald Mountain,,,9387,False,,,,,,,
Jackass Peak,,,9374,False,,,,,,,
Granite Knob,36.153374,-118.224897,9013,False,GNIS,Blackrock/Monache Road (21S36),east,2.6,,,
Blackrock Mountain,36.179165,-118.277999,9613,False,GNIS,Blackrock/Monache Road (21S36),east,3.7,,,
Manzanita Knob,36.208634,-118.308105,9128,False,GNIS,Blackrock/Monache Road (21S36),east,6.2,,,
Doc Peak,36.205891,-118.274324,8766,False,GNIS,Blackrock/Monache Road (21S36),east,5.4,,,
Deer Mountain,,,9410,False,,,,,,,
Round Mountain,,,9892,False,,,,,,,
Monache Mountain,36.205368,-118.196305,9418,False,GNIS,Blackrock/Monache Road (21S36),east,6.4,,,
Anderson Point,,,8510,False,,,,,,,
Maggie Mountain,36.26362,-118.61882,10146,False,GNIS,Hidden Falls (Moses Mountain),west,2.4,,,
White Chief Peak,36.405323,-118.597728,11181,False,GNIS,Mineral King,west,3.3,,,
Hengst Peak,36.410424,-118.621726,11128,False,GNIS,Mineral King,west,3.2,,,
Tulare Peak,36.412019,-118.563436,11657,False,GNIS,Mineral King,west,3.4,,,
Rainbow Mountain,,,12043,False,,,,,,,
Mineral Peak,,,11615,False,,,,,,,
Empire Mountain,36.467275,-118.577209,11545,False,GNIS,Mineral King,west,1.5,,,
Brown Mountain,,,9967,False,,,,,,,
Templeton Mountain,36.314825,-118.206737,9944,False,GNIS,Cartago Canal,east,9.6,,,
Johnson Peak,,,11378,False,,,,,,,
Trail Peak #,36.427588,-118.190588,11617,False,GNIS,Horseshoe Meadows (Cottonwood),east,2.0,,,
Mount Anna Mills,36.474497,-118.350077,12054,False,GNIS,Whitney Portal,east,9.8,,,
The Major General,36.511047,-118.258144,12402,False,GNIS,Granite View Drive (Turtle Creek),east,4.6,,,
The Miter,36.534999,-118.264724,12770,False,GNIS,Whitney Portal,east,3.8,,,
Mount Marsh,36.554764,-118.278444,13517,False,GNIS,Whitney Portal,east,3.0,,,
Discovery Pinnacle #,36.558387,-118.290256,13680,False,GNIS,Whitney Portal,east,3.3,,,
Wotans Throne,36.566776,-118.279716,12756,False,GNIS,Whitney Portal,east,2.5,,,
Pinnacle Ridge,36.574085,-118.281696,13058,False,GNIS,Whitney Portal,east,2.4,,,
Crooks Peak,36.574409,-118.290717,14080,False,GNIS,Whitney Portal,east,2.9,,,
Keeler Needle,36.575405,-118.291276,14240,False,GNIS,Whitney Portal,east,2.9,,,
Mount Carl Heller,,,13225,False,,,,,,,
Tawny Point,36.628507,-118.376004,12332,False,GNIS,Shepherd Pass,east,6.2,,,
Mount Versteeg #,36.647715,-118.325618,13470,False,GNIS,Shepherd Pass,east,3.4,,,
Mount Tyndall - Southwest Peak,,,13540,False,,,,,,,
Polychrome Peak,,,13018,False,,,,,,,
Kaweah Queen,36.554655,-118.508554,13366,False,GNIS,Mineral King,west,8.6,,,
Lawson Peak,36.560123,-118.514387,13136,False,GNIS,Mineral King,west,8.7,,,
Panther Peak,36.583341,-118.715748,9054,False,GNIS,Wolverton (Sequoia),west,1.4,,,
Twin Peaks (SEKI),,,10479,False,,,,,,,
Mount Maddox,36.727937,-118.74718,9656,False,GNIS,Marvin Pass,west,4.7,,,
Mitchell Peak,,,10378,False,,,,,,,
Lookout Peak (Kings Canyon),,,8510,False,,,,,,,
Centennial Peak,36.627659,-118.490372,13206,False,GNIS,Shepherd Pass,east,11.6,,,
Mount Francis Farquhar,,,12893,False,,,,,,,
Cross Mountain,,,12160,False,,,,,,,
Palmer Mountain,36.747712,-118.569252,11252,False,GNIS,Roads End (Cedar Grove),west,3.3,,,
Center Basin Crag #5,,,12598,False,,,,,,,
Center Basin Crag #1,,,12532,False,,,,,,,
East Spur,36.711883,-118.398506,12735,False,GNIS,Pinyon Creek,east,5.0,,,
PhD Peak”/Peak 3920m,,,12881,False,,,,,,,
Kearsarge Pinnacle #11,,,11716,False,,,,,,,
Kearsarge Pinnacle #12,,,11703,False,,,,,,,
Falcor Peak”/Peak 3912m,,,12800,False,,,,,,,
Glacier Spike,,,12400,False,,,,,,,
Charlotte Dome,36.782423,-118.48033,10672,False,GNIS,Roads End (Cedar Grove),west,5.7,,,
Painted Lady,36.792823,-118.399464,12100,False,GNIS,Onion Valley (Kearsarge Pass),east,3.6,,,
Fin Dome,36.813556,-118.412302,11693,False,GNIS,Onion Valley (Kearsarge Pass),east,4.9,,,
Mary Austin,,,13021,False,,,,,,,
Acrodectes Peak,36.860686,-118.375161,13143,False,GNIS,Armstrong Canyon,east,3.7,,,
Mount Cedric Wright,36.90405,-118.387661,12372,False,GNIS,Sawmill Pass,east,2.3,,,
Crater Mountain,,,12874,False,,,,,,,
Mount Ickes,36.932974,-118.439168,12950,False,GNIS,Sawmill Pass,east,4.0,,,
Mount Hutchings,36.833244,-118.600738,10785,False,GNIS,Roads End (Cedar Grove),west,2.8,,,
Munger Peak,36.874257,-118.579892,12040,False,GNIS,Roads End (Cedar Grove),west,5.5,,,
Hogback Peak,36.876568,-118.711582,11086,False,GNIS,Deer Cove,west,5.0,,,
Castle Peak (W Mid-Sierra)),,,10657,False,,,,,,,
Patterson Mountain,36.974763,-119.056381,8170,False,GNIS,Wishon Reservoir,west,5.2,,,
Eagle Peak,,,10318,False,,,,,,,
Nelson Mountain,37.089461,-119.049076,10220,False,GNIS,Courtright Reservoir,west,4.4,,,
Brown Peak,,,10322,False,,,,,,,
Dogtooth Peak,37.154076,-119.03959,10302,False,GNIS,Courtright Reservoir,west,6.3,,,
Maxon Dome,,,9505,False,,,,,,,
Vennacher Needle,36.998769,-118.473842,12980,False,GNIS,Red Lake (McMurry Meadows),east,6.8,,,
Twin Peaks” (Palisades),,,13061,False,,,,,,,
Ed Lane Peak” / Peak 4138m,,,13576,False,,,,,,,
Kid Mountain,37.101839,-118.428327,11817,False,GNIS,Big Pine Creek (Glacier Lodge),east,1.6,,,
Woodworth,,,12228,False,,,,,,,
Mount Shakspere,37.036667,-118.532572,12182,False,GNIS,Big Pine Creek (Glacier Lodge),east,7.9,,,
Rambaud Peak,37.038726,-118.595757,11053,False,GNIS,South Lake (Bishop Pass),east,9.1,,,
The Citadel,37.065227,-118.611145,11729,False,GNIS,South Lake (Bishop Pass),east,7.6,,,
Langille,,,12011,False,,,,,,,
Mount Solomons,37.106457,-118.67422,13034,False,GNIS,South Lake (Bishop Pass),east,7.3,,,
Blackcap Mountain,,,11562,False,,,,,,,
Mount Jepson,37.08885,-118.495269,13390,False,GNIS,Big Pine Creek (Glacier Lodge),east,3.9,,,
Polemonium Peak,37.093351,-118.511771,14095,False,GNIS,Big Pine Creek (Glacier Lodge),east,4.5,,,
Columbine Peak,37.089164,-118.541803,12662,False,GNIS,South Lake (Bishop Pass),east,5.7,,,
Isosceles Peak,37.093809,-118.538633,12339,False,GNIS,South Lake (Bishop Pass),east,5.4,,,
West Isosceles Peak” [1],,,12240,False,,,,,,,
Buck Mountain,,,12814,False,,,,,,,
Trapezoid Peak”/Peak,,,12920,True,,,,,,,
Hurd Peak,37.140898,-118.566073,12237,False,GNIS,South Lake (Bishop Pass),east,1.9,,,
Sky Haven,37.144295,-118.505009,12840,False,GNIS,South Lake (Bishop Pass),east,3.8,,,
Chocolate Peak,,,11682,False,,,,,,,
Vagabond Peak,,,13374,False,,,,,,,
Quasimodo Peak,,,12362,False,,,,,,,
Coyote Ridge,,,12297,False,,,,,,,
Table Mountain (N),,,11711,False,,,,,,,
Mount Warlow,37.128423,-118.674717,13218,False,GNIS,South Lake (Bishop Pass),east,6.6,,,
Mount Powell #,37.138674,-118.634023,13364,False,GNIS,South Lake (Bishop Pass),east,4.3,,,
Conway Peak”(1),,,13154,False,,,,,,,
Sunset Peak”/Peak,,,12486,False,,,,,,,
Picture Peak,,,13120,False,,,,,,,
Mount Spencer,37.155207,-118.681791,12241,False,GNIS,Lake Sabrina (Sabrina Basin),east,5.6,,,
Mount Hutton,37.125494,-118.799577,11946,False,GNIS,Courtright Reservoir,west,9.9,,,
Peter Peak,37.145548,-118.745824,12506,False,GNIS,North Lake (Piute/Lamarck),east,8.7,,,
Red Mountain (S),,,11965,False,,,,,,,
Fleming Mountain,37.15867,-118.858054,10794,False,GNIS,Courtright Reservoir,west,8.2,,,
Zingheim Heights,37.18379,-118.856864,11135,False,GNIS,Florence Lake,west,8.8,,,
Muriel Peak,37.217206,-118.6931,12937,False,GNIS,North Lake (Piute/Lamarck),east,3.7,,,
Mount Thoreau” / Peak,,,12691,False,,,,,,,
Mount Locke,,,12634,False,,,,,,,
Turret Peak,37.263596,-118.842562,12014,False,GNIS,Florence Lake,west,7.1,,,
Mount Ian Campbell,37.261708,-119.020231,10630,False,GNIS,Florence Lake,west,2.7,,,
Mount Givens,37.278713,-119.055231,10378,False,GNIS,Florence Lake,west,4.6,,,
Kaiser Peak,37.29405,-119.18552,10302,False,GNIS,Lake Edison (Vermilion),west,10.7,,,
Feather Peak,37.325679,-118.778441,13212,False,GNIS,Pine Creek,east,5.5,,,
Bear Claw Spire” / Peak,,,12563,False,,,,,,,
Spire Peak”/Peak,,,12470,False,,,,,,,
Pip-squeak Spire,,,13268,False,,,,,,,
Pyramid Peak” (Little Lk Valley),,,12866,False,,,,,,,
Rosy Finch Peak,,,12744,False,,,,,,,
Little Lakes Peak,,,12782,False,,,,,,,
Twelve Flags Peak,,,13470,False,,,,,,,
Lookout”/“Tempest Peak,,,11902,False,,,,,,,
Ruby Peak,,,13188,False,,,,,,,
Mount Starr #,37.429027,-118.765196,12835,False,GNIS,Mosquito Flat (Rock Creek),east,1.1,,,
Graveyard Peak,37.45131,-118.989879,11443,False,GNIS,Lake Edison (Vermilion),west,5.4,,,
Mount Hopkins,37.463768,-118.813383,12208,False,GNIS,Mosquito Flat (Rock Creek),east,4.1,,,
Mount Huntington #,37.469634,-118.777226,12355,False,GNIS,Mosquito Flat (Rock Creek),east,2.9,,,
Pointless Peak,,,12256,False,,,,,,,
Patricia Peak,,,11962,False,,,,,,,
Mount Crocker #,37.482929,-118.825392,12461,False,GNIS,McGee Creek,east,5.0,,,
Silver Divide Peak” / Peak,,,12238,False,,,,,,,
Red Mountain (N),,,11467,False,,,,,,,
The White Fang,,,12240,False,,,,,,,
Mount Aggie,37.54578,-118.842679,11561,False,GNIS,McGee Creek,east,2.6,,,
McGee Mountain,37.566595,-118.811226,10871,False,GNIS,McGee Creek,east,1.3,,,
Mono Jim Peak,37.572186,-118.852163,10893,False,GNIS,Convict Lake,east,0.8,,,
Laurel Mountain,,,11824,False,,,,,,,
Creag an Turic II.  (1),,,10699,False,,,,,,,
Herlihy Peak,,,11728,False,,,,,,,
Pumice Butte,37.55198,-119.060284,9544,False,GNIS,Duck Pass (Mammoth),east,4.8,,,
Mammoth Crest / “Blue Crag,,,11489,False,,,,,,,
Madesno Peak” / Peak,,,9718,False,,,,,,,
Mammoth Mountain #,37.630628,-119.032622,11023,False,GNIS,Minaret Vista,east,2.4,,,
Deadman Dome” / Peak 2580m,,,8465,False,,,,,,,
"White Wing Mountain 10,007SW Slope via Traverse of Peak",,,9727,False,,,,,,,
Volcanic Ridge,37.671208,-119.160181,11480,False,GNIS,Agnew Meadows,east,4.2,,,
Earthquake Dome,37.665877,-118.999718,9371,False,GNIS,Minaret Vista,east,3.4,,,
Two Teats #,37.71202,-119.100023,11387,False,GNIS,Agnew Meadows,east,2.2,,,
Carson Peak #,37.747542,-119.124126,10909,False,GNIS,Rush Creek (Silver Lake),east,2.6,,,
Mount Ansel Adams,37.697968,-119.281596,11792,False,GNIS,Rush Creek (Silver Lake),east,10.3,,,
Long Mountain,,,11489,False,,,,,,,
Fresno Dome,37.454405,-119.536006,7517,False,GNIS,Isberg (Clover Meadow),west,11.0,,,
Quartz Mountain,,,9046,False,,,,,,,
Madera Peak,37.537604,-119.37463,10509,False,GNIS,Isberg (Clover Meadow),west,1.9,,,
Red Top,,,9973,False,,,,,,,
Sing Peak,37.553912,-119.387499,10520,False,GNIS,Isberg (Clover Meadow),west,3.2,,,
Gale Peak,37.567987,-119.387078,10693,False,GNIS,Isberg (Clover Meadow),west,4.0,,,
Post Peak,37.62813,-119.327971,11009,False,GNIS,Isberg (Clover Meadow),west,7.8,,,
Isberg Peak,37.651172,-119.323796,10996,False,GNIS,Isberg (Clover Meadow),west,9.4,,,
Buena Vista Peak,,,9709,False,,,,,,,
Triple Divide Peak (Yosemite),,,11611,False,,,,,,,
Ottoway Peak,37.642133,-119.39335,11840,False,GNIS,Isberg (Clover Meadow),west,8.9,,,
El Capitan,37.742131,-119.635895,7773,False,GNIS,Mono Meadow,west,5.6,,,
Indian Rock (Yosemite),,,8531,False,,,,,,,
Mount Watkins,37.782833,-119.517649,8501,False,GNIS,Sunrise Lakes (Tenaya Lake),crest,3.5,,,
Simmons Peak,37.7607,-119.294368,12493,False,GNIS,Tuolumne Meadows,crest,8.1,,,
Parsons Peak,37.776902,-119.307799,12132,False,GNIS,Tuolumne Meadows,crest,6.9,,,
Amelia Earhart Peak,37.786393,-119.288225,11978,False,GNIS,Tuolumne Meadows,crest,6.6,,,
Fletcher Peak,37.791782,-119.33575,11410,False,GNIS,Tuolumne Meadows,crest,5.7,,,
Reversed Peak,37.804471,-119.099406,9485,False,GNIS,Rush Creek (Silver Lake),east,2.1,,,
Donohue Peak #,37.774755,-119.233052,12023,False,GNIS,Rush Creek (Silver Lake),east,5.8,,,
Blacktop Peak #,37.793729,-119.19614,12724,False,GNIS,Rush Creek (Silver Lake),east,3.8,,,
Mount Wood,37.809244,-119.165947,12652,False,GNIS,Rush Creek (Silver Lake),east,2.7,,,
Parker Peak,,,12857,False,,,,,,,
Mount Lewis #,,,12350,False,,,,,,,
Kuna Peak #,37.812939,-119.208322,13002,False,GNIS,Rush Creek (Silver Lake),east,4.8,,,
Kuna Crest  - South,,,12202,False,,,,,,,
Kuna Crest North,,,12170,False,,,,,,,
Mammoth Peak,37.855497,-119.263504,12117,False,GNIS,Tioga Pass,east,3.8,,,
Rafferty Peak,37.815155,-119.355483,11106,False,GNIS,Tuolumne Meadows,crest,4.2,,,
Cockscomb,,,11065,False,,,,,,,
Unicorn Peak,37.844654,-119.38196,10823,False,GNIS,Tuolumne Meadows,crest,3.1,,,
Echo Peak #1,,,11120,False,,,,,,,
Echo Peak #2,,,11080,False,,,,,,,
Echo Peak #3,,,11160,False,,,,,,,
Echo Peak #4,,,11040,False,,,,,,,
Echo Peak #5,,,11120,False,,,,,,,
Echo Peak #8,,,11080,False,,,,,,,
Fairview Dome,37.871274,-119.403896,9728,False,GNIS,Tuolumne Meadows,crest,3.6,,,
Sunrise Mountain,37.796821,-119.448515,9938,False,GNIS,Sunrise Lakes (Tenaya Lake),crest,0.6,,,
Columbia Finger,37.819744,-119.423202,10360,False,GNIS,Sunrise Lakes (Tenaya Lake),crest,2.3,,,
Tresidder Peak,37.831095,-119.422728,10600,False,GNIS,Sunrise Lakes (Tenaya Lake),crest,2.9,,,
Tenaya Peak,37.828522,-119.443234,10301,False,GNIS,Sunrise Lakes (Tenaya Lake),crest,2.1,,,
Mount Hoffman,,,10850,False,,,,,,,
Tuloumne Peak,,,10850,False,,,,,,,
Falls Ridge (East),37.905214,-119.43423,9138,False,GNIS,Tuolumne Meadows,crest,5.7,,,
Cold Mountain,37.950211,-119.427522,10292,False,GNIS,Tuolumne Meadows,crest,7.2,,,
Ragged Peak,37.932873,-119.353415,10912,False,GNIS,Tuolumne Meadows,crest,4.2,,,
White Mountain #,,,12047,False,,,,,,,
False White Mountain,,,12002,False,,,,,,,
Gaylor Peak #,37.919097,-119.265546,11104,False,GNIS,Tioga Pass,east,0.7,,,
Tioga Peak,37.949432,-119.246399,11526,False,GNIS,Saddlebag Lake,east,1.8,,,
Lee Vining Peak,37.972411,-119.198666,11690,False,GNIS,Saddlebag Lake,east,4.0,,,
Gilcrest Peak,38.011029,-119.230141,11562,False,GNIS,Virginia Lakes,east,3.2,,,
Tioga Crest,37.99382,-119.269509,11911,False,GNIS,Lundy Canyon,east,1.3,,,
Sheep Peak,37.982274,-119.340701,11842,False,GNIS,Lundy Canyon,east,3.0,,,
Shepherd Crest #,38.004623,-119.312752,12015,False,GNIS,Lundy Canyon,east,1.2,,,
Black Mountain (N),,,11797,False,,,,,,,
Mount Olsen,38.040775,-119.24557,11050,False,GNIS,Virginia Lakes,east,1.2,,,
Epidote Peak,38.059512,-119.304824,10964,False,GNIS,Virginia Lakes,east,2.3,,,
Camiaca Peak #,38.060018,-119.324279,11739,False,GNIS,Virginia Lakes,east,3.3,,,
Grey Butte,38.05181,-119.348182,11375,False,GNIS,Virginia Lakes,east,4.5,,,
Mount Stanton,,,11703,False,,,,,,,
Finger Peaks,38.087197,-119.407272,11498,False,GNIS,Twin Lakes (Bridgeport),east,4.4,,,
The Dragtooth,,,12080,False,,,,,,,
Slide Mountain #,,,11084,False,,,,,,,
The Juggernaut,,,11040,False,,,,,,,
Bath Mountain,38.058183,-119.464865,10532,False,GNIS,Twin Lakes (Bridgeport),east,7.8,,,
Suicide Ridge,38.081657,-119.459587,11014,False,GNIS,Twin Lakes (Bridgeport),east,6.4,,,
Crown Point #,,,11346,False,,,,,,,
Kettle Peak #,,,11010,False,,,,,,,
Cirque Peak #,36.476936,-118.236977,10714,False,GNIS,Horseshoe Meadows (Cottonwood),east,4.2,,,
Regulation Peak,37.987693,-119.488423,10554,False,GNIS,Lundy Canyon,east,10.8,,,
Acker Peak,38.108944,-119.509654,10988,False,GNIS,Twin Lakes (Bridgeport),east,7.8,,,
Wells Peak,,,11102,False,,,,,,,
Center Mountain #,38.144395,-119.489284,11271,False,GNIS,Twin Lakes (Bridgeport),east,6.3,,,
Ehrnbeck Peak #,38.137371,-119.515486,11240,False,GNIS,Twin Lakes (Bridgeport),east,7.7,,,
Hawksbeak Peak #,38.152539,-119.508087,11341,False,GNIS,Twin Lakes (Bridgeport),east,7.3,,,
Grouse Mountain,,,10775,False,,,,,,,
Snow Peak,38.115594,-119.571375,10928,False,GNIS,Twin Lakes (Bridgeport),east,11.0,,,
Craig Peak,38.129239,-119.559194,11086,False,GNIS,Twin Lakes (Bridgeport),east,10.2,,,
Keyes Peak,38.139525,-119.591612,10607,False,GNIS,Gianelli Cabin,west,11.2,,,
Forsyth Peak #,38.157513,-119.580929,11177,False,GNIS,Twin Lakes (Bridgeport),east,11.3,,,
Grizzly Peak #,,,10359,False,,,,,,,
Hunewill Peak,38.158878,-119.443465,11697,False,GNIS,Twin Lakes (Bridgeport),east,3.9,,,
Victoria Peak,38.16797,-119.423486,11706,False,GNIS,Twin Lakes (Bridgeport),east,3.1,,,
Robinson Peak,38.165949,-119.386483,10793,False,GNIS,Twin Lakes (Bridgeport),east,1.6,,,
Eagle Peak  (N),,,11847,False,,,,,,,
Walker Mountain,38.236015,-119.472645,11572,False,GNIS,Leavitt Meadows,east,8.1,,,
Hanging Valley Ridge,38.234885,-119.459772,11371,False,GNIS,Twin Lakes (Bridgeport),east,7.8,,,
Mount Emma,38.277066,-119.476264,10535,False,GNIS,Leavitt Meadows,east,5.8,,,
Molo Mountain,38.234531,-119.656928,10875,False,GNIS,Sonora Pass,crest,6.5,,,
Sonora Peak,38.353881,-119.635374,11459,False,GNIS,St. Mary's Pass,crest,1.6,,,
White Mountain (Sonora Pass),,,11388,False,,,,,,,
Iceberg Peak,38.450368,-119.822646,9777,False,GNIS,Disaster Creek (Clark Fork),crest,3.6,,,
Airola Peak,38.457515,-119.815425,9932,False,GNIS,Disaster Creek (Clark Fork),crest,3.0,,,
Arnot Peak,38.472825,-119.759631,10033,False,GNIS,Disaster Creek (Clark Fork),crest,2.1,,,
Hiram Peak,38.477876,-119.803416,9800,False,GNIS,Disaster Creek (Clark Fork),crest,1.5,,,
Folger Peak,38.49567,-119.816238,9705,False,GNIS,Disaster Creek (Clark Fork),crest,1.6,,,
Peep Sight Peak,38.497127,-119.851793,9705,False,GNIS,Disaster Creek (Clark Fork),crest,3.5,,,
Lookout Peak (Ebbetts Pass) @,,,9577,False,,,,,,,
Henry Peak,38.48648,-119.880018,9334,False,GNIS,Disaster Creek (Clark Fork),crest,5.1,,,
Bull Run Peak,,,9498,False,,,,,,,
Ebbetts Peak,38.547681,-119.814333,9160,False,GNIS,Ebbetts Pass,crest,0.4,,,
Silver Peak  (Ebbetts Pass) @,,,10798,False,,,,,,,
Reynolds Peak @,38.580639,-119.838568,9666,False,GNIS,Ebbetts Pass,crest,2.9,,,
Raymond Peak @,38.603724,-119.833222,10023,False,GNIS,Ebbetts Pass,crest,4.3,,,
The Nipple @,,,9338,False,,,,,,,
Markleeville Peak @,38.661334,-119.898117,9410,False,GNIS,Carson Pass,west,6.0,,,
Mount Hawkins @,,,10024,False,,,,,,,
Pickett Peak,38.755985,-119.903179,9118,False,GNIS,Carson Pass,west,6.8,,,
Cary Peak,38.779211,-119.848393,8724,False,GNIS,Fountain Place (Freel Peak),west,7.8,,,
Wade Peak/Benchmark” @ (1),,,9367,False,,,,,,,
The Sisters,38.662413,-120.008077,10153,False,GNIS,Woods Lake,west,1.8,,,
Black Butte,,,9010,False,,,,,,,
Fourth of July Peak,38.658734,-120.02324,9541,False,GNIS,Woods Lake,west,1.5,,,
Melissa Coray Peak,38.651764,-120.039465,9767,False,GNIS,Woods Lake,west,2.0,,,
Covered Wagon Peak,38.657008,-120.047522,9573,False,GNIS,Woods Lake,west,1.8,,,
Thimble Peak,,,9804,False,,,,,,,
Martin Point,38.688792,-120.092396,9256,False,GNIS,Woods Lake,west,3.3,,,
Elephants Back,38.678413,-119.983118,9585,False,GNIS,Carson Pass,west,1.5,,,
Red Lake Peak @,38.713918,-119.98737,10063,False,GNIS,Carson Pass,west,1.5,,,
Little Round Top,38.740046,-120.05156,9590,False,GNIS,Carson Pass,west,4.2,,,
Stevens Peak @,38.733529,-119.982648,10054,False,GNIS,Carson Pass,west,2.9,,,
Waterhouse Peak @,38.776146,-119.96491,9497,False,GNIS,Carson Pass,west,6.0,,,
Jobs Peak @,38.857873,-119.861383,10638,False,GNIS,Fountain Place (Freel Peak),west,4.0,,,
Jobs Sister @,38.862285,-119.884396,10823,False,GNIS,Fountain Place (Freel Peak),west,2.8,,,
Monument Peak,38.92283,-119.897623,10060,False,GNIS,Fountain Place (Freel Peak),west,4.2,,,
East Peak,38.942519,-119.907409,9508,False,GNIS,Fountain Place (Freel Peak),west,5.2,,,
Genoa Peak @,39.042959,-119.881279,9141,False,GNIS,Fountain Place (Freel Peak),west,12.3,,,
Duane Bliss Peak  @,39.080592,-119.877998,8659,False,GNIS,Mount Tallac,west,14.6,,,
South Camp Peak,39.060581,-119.886735,8866,False,GNIS,Mount Tallac,west,13.2,,,
Snow Valley Peak @,39.154236,-119.883235,9213,False,GNIS,Mount Rose,east,11.1,,,
Talking Mountain,38.83263,-120.069425,8824,False,GNIS,Mount Tallac,west,6.6,,,
Ralston Peak @,38.832918,-120.101733,9235,False,GNIS,Mount Tallac,west,6.8,,,
Flagpole Peak,38.84603,-120.056903,8363,False,GNIS,Mount Tallac,west,5.6,,,
Echo Peak,38.856402,-120.073357,8895,False,GNIS,Mount Tallac,west,4.9,,,
Tahoe Mountain,38.910214,-120.035812,7249,False,GNIS,Mount Tallac,west,1.9,,,
Indian Rock (Tahoe),,,8570,False,,,,,,,
Angora Peak,38.867058,-120.073037,8573,False,GNIS,Mount Tallac,west,4.2,,,
Keith’s Dome,,,8646,False,,,,,,,
Cracked Crag,38.869069,-120.129919,8767,False,GNIS,Mount Tallac,west,5.4,,,
Mount Agassiz” (Tahoe),37.111877,-118.530755,9967,False,GNIS,South Lake (Bishop Pass),east,4.4,,,
Mount Price @,38.863869,-120.174728,9975,False,GNIS,Wrights Lake (Rockbound),west,3.4,,,
Jacks Peak @,38.890308,-120.153978,9840,False,GNIS,Wrights Lake (Rockbound),west,5.4,,,
Maggies Peaks (Tahoe),38.931452,-120.113698,8699,False,GNIS,Mount Tallac,west,2.7,,,
Red Peak @,,,9311,False,,,,,,,
Silver Peak (Crystal Range) @,,,8937,False,,,,,,,
McConnell Peak @,38.946444,-120.242033,9095,False,GNIS,Wrights Lake (Rockbound),west,7.2,,,
Tells Peak @,38.959835,-120.254409,8855,False,GNIS,Wrights Lake (Rockbound),west,8.2,,,
Middle Mountain,,,8330,False,,,,,,,
Phipps Peak @,38.954391,-120.149682,9180,False,GNIS,Mount Tallac,west,5.0,,,
Jakes Pea7,,,9128,False,,,,,,,
Rubicon Peak @,38.98848,-120.133444,9138,False,GNIS,Mount Tallac,west,5.6,,,
Lost Corner Mountain,39.01333,-120.20413,8245,False,GNIS,Mount Tallac,west,9.6,,,
Sourdough Hill,39.025702,-120.219753,7976,False,GNIS,Mount Tallac,west,10.8,,,
Ellis Peak @,39.068618,-120.198087,8727,False,GNIS,Squaw Valley (Granite Chief),west,10.1,,,
Barker Peak,39.079479,-120.238919,8153,False,GNIS,Squaw Valley (Granite Chief),west,8.5,,,
Twin Peaks (Tahoe) @,,,8872,False,,,,,,,
Stanford Rock Highpoint,,,8326,False,,,,,,,
Mount Mildred @,39.145812,-120.330207,8376,False,GNIS,Squaw Valley (Granite Chief),west,4.3,,,
Needle Peak @,,,8871,False,,,,,,,
Lyon Peak @,,,8901,False,,,,,,,
Silver Peak (Squaw Valley),,,8424,False,,,,,,,
Anderson Peak @,39.259034,-120.297174,8683,False,GNIS,Squaw Valley (Granite Chief),west,4.3,,,
Mount Lincoln,39.287761,-120.328459,8369,False,GNIS,Castle Peak (Donner),west,4.0,,,
Mount Judah,39.298528,-120.315572,8243,False,GNIS,Castle Peak (Donner),west,3.6,,,
Donner Peak,39.308739,-120.312475,8019,False,GNIS,Castle Peak (Donner),west,3.1,,,
Snow Mountain @,39.241055,-120.463673,7999,False,GNIS,Castle Peak (Donner),west,9.4,,,
Devil’s Peak @,,,7704,False,,,,,,,
Andesite Peak,39.351027,-120.3666,8219,False,GNIS,Castle Peak (Donner),west,1.1,,,
Basin Peak,39.382287,-120.364122,9017,False,GNIS,Castle Peak (Donner),west,2.8,,,
Martis Peak,39.291386,-120.032938,8742,False,GNIS,Mount Rose,east,7.4,,,
Mount Baldy (Tahoe),39.27843,-120.000114,9262,False,GNIS,Mount Rose,east,6.0,,,
Riﬂe Peak,,,9459,False,,,,,,,
Rose Knob,39.290003,-119.981498,9600,False,GNIS,Mount Rose,east,4.8,,,
Rose Knob Peak,39.293503,-119.957795,9699,False,GNIS,Mount Rose,east,3.5,,,
Relay Peak,39.31531,-119.946859,10335,False,GNIS,Mount Rose,east,2.6,,,
Mount Houghton,39.334069,-119.939366,10490,False,GNIS,Mount Rose,east,2.6,,,
Church Peak,39.352058,-119.923306,10601,False,GNIS,Mount Rose,east,3.0,,,
Chocolate Peak (Tahoe),,,9407,False,,,,,,,
Snowﬂower Mountain,,,10240,False,,,,,,,
Signal Peak @,,,7845,False,,,,,,,
Old Man Mountain @,39.37027,-120.522248,7789,False,GNIS,Meadow Lake Road (Tollhouse Lake),west,5.2,,,
Black Buttes @,,,7999,False,,,,,,,
Haskell Peak @,39.662329,-120.552618,8098,False,GNIS,Lakes Basin Campground,west,6.2,,,
Mount Fillmore @,39.730184,-120.852843,7717,False,GNIS,Lakes Basin Campground,west,10.5,,,
Eureka Peak,,,7447,False,,,,,,,
Rose Peak,37.511149,-121.724759,3817,False,GNIS,Del Valle (Lichen Bark),east,6.2,Diablo Range,,
Mission Peak,37.5124365,-121.8805126,2520,False,USGS topo (GNIS ID unconfirmed),Stanford Ave Staging Area,west,1.6,Diablo Range,,
