source_id,publisher,url_prefix,role,regulates,notes
fs_usda,USDA Forest Service,https://www.fs.usda.gov/,regulator,regulation;permit_requirement;access,"The land manager. It writes and enforces the rules on national forest land, so it owns what you may do and whether a permit is needed. It does NOT own booking mechanics -- it hands those to recreation.gov."
nps,National Park Service,https://www.nps.gov/,regulator,regulation;permit_requirement;access,The land manager for national park units.
recreation_gov,Recreation.gov,https://www.recreation.gov/,booking_platform,booking_mechanics;fees;availability,"The system of record for reservations across agencies. It owns release windows, what it charges, change and cancellation policy, and the live quota calendar, because it is the thing that performs them. Its narrative descriptions of rules are restatements of the land manager's, not the source of them."
readyforwildfire,CAL FIRE,https://www.readyforwildfire.org/,regulator,regulation;permit_requirement,"CAL FIRE's public entry point for the California Campfire Permit, which is state law rather than a forest rule."
parks_ca,California State Parks,https://www.parks.ca.gov/,regulator,permit_requirement,Issues the Sno-Park permit required at some trailheads in winter.
cdfw,California Department of Fish and Wildlife,https://wildlife.ca.gov/,regulator,regulation,"Owns fishing and hunting seasons, limits and licensing. Both the Forest Service and recreation.gov defer to it rather than restating its rules."
desowv,Desolation Wilderness Volunteers,http://desowv.org/,secondary,,"A volunteer partner organisation. Hosts useful copies of agency documents, but owns no claim -- anything it says traces back to the Forest Service."
ebrpd,East Bay Regional Park District,https://www.ebparks.org/,regulator,regulation;access,"The land manager for 73 parks across Alameda and Contra Costa counties, and the author of Ordinance 38, which is the rulebook for all of them. It does NOT own booking: EBRPD campsites are reserved through ReserveAmerica and the District's own phone line, so fees, availability and cancellation terms are that platform's to state, not this publisher's."
ebmud,East Bay Municipal Utility District,https://www.ebmud.com/,regulator,regulation;permit_requirement;access,"A water utility, not a park agency, and the land manager for watershed lands the East Bay regional trails cross. It reaches this project because EBRPD's own Ordinance 38 defers to it: on trails entering lands owned by others, EBRPD names EBMUD first. It owns the trail use permit and its rules; it does not own EBRPD's."
